,bull_market,Daily_ROI_past_ma5
0,1,
1,1,0.027605619718309805
2,1,0.019906118982850496
3,0,0.01820568971035032
4,1,0.00819461651069072
5,0,0.012578331208980076
6,0,0.0053716777055696704
7,0,-0.0007197329288080014
8,1,-0.006101827238603622
9,1,0.0028910693615773774
10,1,-0.0026279881277082454
11,1,-0.0005421983903390296
12,0,0.00373312304966564
13,0,0.0007354636816006774
14,0,-0.008174333680280574
15,1,-0.01000395166739848
16,0,-0.008446753853731583
17,0,-0.009377959744176694
18,1,-0.0048536215481862766
19,0,0.0019882176109595707
20,1,0.0021383707030447644
21,0,0.00110592021175709
22,1,-0.00047467158983985954
23,0,0.0015946332726372021
24,0,-0.004145807091362164
25,0,-0.004688396320290068
26,1,-0.007174531857555612
27,0,-0.004412008262150671
28,0,-0.00851632544772881
29,1,-0.007982119805498544
30,0,-0.005343446376720785
31,0,-0.003940499196848033
32,0,-0.006216351243114697
33,1,-0.0038735590045467726
34,0,-0.0006030802702880961
35,1,-0.004360549294738951
36,0,0.003505735540030862
37,1,0.0011874220799150098
38,1,0.007881182794911878
39,1,0.012753781560077554
40,0,0.01637062064008634
41,0,0.004485195490666205
42,1,0.005086736443016838
43,0,0.0024522708926703746
44,0,-0.004144308989539078
45,1,-0.006526350067163332
46,0,0.0038305175538581038
47,1,0.0008222681379411658
48,1,-0.002567155138965725
49,1,0.002715300517980429
50,1,0.0071749227444959
51,1,0.0021963290256762995
52,0,0.011432960846401089
53,0,0.010958005886447771
54,0,0.006486869036380375
55,1,0.0023349499170097787
56,0,0.0015655440396751374
57,0,-0.003865171131116693
58,0,-0.003692602287217385
59,0,-0.004620927465013172
60,0,-0.011072348289170876
61,1,-0.014240516992814695
62,0,-0.009309193273341712
63,1,-0.010324736857820859
64,1,-0.005628926890198155
65,1,0.0027839231440330847
66,1,0.006018539178031755
67,1,0.004533526171201213
68,0,0.009240084729471191
69,0,0.005710030805805883
70,0,0.003188772294054921
71,1,0.002065852158219119
72,1,0.0027164212663469797
73,1,0.0021306288862690285
74,0,0.006703423379432506
75,1,0.008323930518216586
76,1,0.010707402471866091
77,1,0.009059397534721476
78,0,0.013218168046231698
79,0,0.005742733930161327
80,1,0.00247208640741742
81,1,0.003232892230586372
82,0,0.008365484684076302
83,0,0.0008387014985906932
84,0,0.0027743069332644226
85,0,0.0058710299276052615
86,0,-0.0002459114225079849
87,0,-0.006818654334763477
88,0,-0.008383922243273462
89,0,-0.012081757047382237
90,1,-0.013784858923790066
91,0,-0.009267403195747825
92,0,-0.009580228387661198
93,1,-0.008319719065398887
94,1,-0.0031762885957062545
95,0,0.0007230624466954608
96,1,-0.001999857896950021
97,1,0.0016973017511421734
98,0,0.0027297568461903624
99,1,0.0009027915972899706
100,1,-0.0007773757771204132
101,1,0.0030329968776318973
102,1,0.001469350022361615
103,0,0.0013309115862036502
104,1,0.0005055084302692091
105,0,0.001044074839426826
106,0,-0.0041164521787322664
107,1,-0.009647341798731862
108,0,-0.007457710327420932
109,1,-0.006592753363411701
110,0,-0.005746431844316507
111,1,-0.003323976530431086
112,0,0.0017247177054769522
113,1,-0.0017135707827521016
114,1,0.0022321742784312724
115,1,0.0015199219510828917
116,0,0.0033524544962181225
117,0,0.0005003854881717625
118,1,-0.00045849401470408993
119,1,-0.0006025949666839551
120,1,0.0022180453065942596
121,0,0.0044177637710278725
122,0,0.004969192238834722
123,1,0.006282574150347113
124,0,0.006667717943536017
125,0,0.0006551172625701068
126,1,-0.004309188174998066
127,1,0.0016617478307487453
128,1,0.0042358080491846795
129,0,0.005095855981558825
130,0,0.007201600672325388
131,1,0.006066231336093518
132,1,0.004946550180052786
133,0,0.004202613427926874
134,0,-0.005985234257586996
135,1,-0.006299791613865501
136,1,-0.002630801911702103
137,1,-0.004752569780945656
138,1,-0.00033970578541301017
139,1,0.009080600680535077
140,1,0.011847413057667096
141,1,0.011872128162732264
142,1,0.0185296862574014
143,0,0.013337172495038829
144,1,0.01013206690810697
145,0,0.011002219591883198
146,1,0.009176095937865522
147,0,0.002061471722844025
148,0,-0.002078009609387506
149,0,-0.004161644555876964
150,0,-0.01121731141343411
151,1,-0.01270035147837241
152,1,-0.010122436391179346
153,1,-0.006135552614461017
154,0,-0.0022402149096228253
155,0,0.001022936827153689
156,1,0.0018179060719297386
157,0,0.0026372457792572224
158,1,0.0008253624289500855
159,0,0.0010030367129256275
160,0,-0.0010711801382698807
161,1,-0.0002185819364233424
162,1,-0.0017908789492476953
163,0,0.004132842503683297
164,0,-4.669848794192424e-06
165,1,0.0021722845017628388
166,0,0.0029383529221751244
167,1,0.0008041489133077766
168,0,-0.0032375826142542986
169,0,-0.0026236504318331534
170,1,-0.0032752758713423076
171,0,-0.002538533356850587
172,0,-0.002333633030405827
173,0,-0.004489289532351196
174,1,-0.00346915385541708
175,1,-0.00034963230709773136
176,1,-0.00026014191652574975
177,1,-2.7568270027130424e-05
178,0,0.003055508788951737
179,0,0.001127720934989022
180,0,-0.0016547028089967588
181,1,-0.00390968234164186
182,0,-0.003411037944277088
183,1,-0.0053271730021896046
184,1,0.00037883451666078196
185,0,0.004511388180349434
186,0,0.005889460706291838
187,1,0.004274623991097913
188,0,0.006482972179969527
189,0,0.0032033300805300495
190,0,-0.0011142329346942857
191,0,-0.0012165733740656338
192,1,-0.001561592703558982
193,0,-0.0016797943810603565
194,1,-0.0034589400049403196
195,0,-0.0014403610123886873
196,0,-0.004541027203457669
197,1,-0.0038023688679454776
198,1,-0.0038213625879563356
199,0,-0.0006602728501617283
200,0,-0.0016085329275128159
201,0,0.0005729036854833453
202,1,-0.0015323542077974722
203,1,0.0008546844120220058
204,0,0.0019595216659793876
205,0,0.0020362079547749127
206,0,0.002805490704291829
207,1,0.005021300789343623
208,1,0.002556122996039872
209,0,0.004087869504061628
210,1,0.0032527502435733243
211,1,0.007378341436433539
212,1,0.007886227636449354
213,1,0.00952587446342067
214,1,0.006430319440760883
215,0,0.011317374026423507
216,1,0.0057034123640151025
217,0,0.007691449678223697
218,1,0.0027740931328834087
219,0,0.0034207175065149634
220,0,-0.008844799194473358
221,1,-0.008932654733486558
222,1,-0.005626308761669064
223,1,-0.003485476722374982
224,1,-0.0040239786066929035
225,1,0.006837425954149217
226,0,0.010415988672137468
227,1,0.004597613942180835
228,0,0.005600942212268903
229,1,0.002568629618863061
230,1,0.0020162682847409885
231,1,0.0024628205371286216
232,0,0.0036685885670751732
233,0,0.0014237391830796513
234,1,0.002742618810968598
235,1,0.0009547302572631495
236,0,0.00045742493653212616
237,0,-0.0008559457978372925
238,0,-0.0004135157438043194
239,0,0.0004314543867959278
240,1,-0.00022718409620806767
241,0,-0.0004587090602146699
242,1,-0.001069873213056218
243,1,-0.0002959169040589714
244,0,0.00019608651124966084
245,1,-0.0011263001003662195
246,1,-0.001542696942452159
247,1,-0.00025235253970486995
248,1,0.0006854256571729658
249,1,0.0024640138550634945
250,1,0.006679636935181736
251,0,0.010517468763292544
252,1,0.009678093176873811
253,1,0.009964213602760244
254,0,0.010294009729528134
255,0,0.007196697271297068
256,0,0.0021802443728466303
257,0,0.0027477564595190726
258,1,-0.0022764886211153633
259,0,-0.002025819586452678
260,0,-0.003240199672502938
261,1,-0.0031522700666883107
262,1,-0.002907211018376284
263,0,0.001162408443864927
264,0,-0.003122706323962269
265,1,-0.00237203587915414
266,1,-0.0019639194431715656
267,0,-0.0014416633095624151
268,0,-0.005077464034180581
269,1,-0.007507611461735097
270,1,-0.0058097533937894975
271,0,-0.0057567875760419504
272,0,-0.007088716837958959
273,0,-0.005145000591137088
274,1,-0.0021006981789191033
275,0,-0.0017910484816318392
276,1,-0.00452162114660067
277,1,-0.003666658748356582
278,0,-0.00035563287476190336
279,0,-0.00033016433454116455
280,1,-0.0018953393703964472
281,0,0.0012037923568881
282,0,-0.00029091041025611046
283,1,-0.0023597744057646006
284,1,-0.0006155152229479439
285,1,0.0010166505667673765
286,1,0.0009912859800514696
287,0,0.002596080931530932
288,1,0.0010248016584534967
289,0,0.00046390337089871495
290,0,-0.00076859044996323
291,1,-0.0034370607943641635
292,0,-0.0031393129441283805
293,1,-0.0029001120244015084
294,0,-1.5309255652402875e-05
295,0,-1.4001767146078508e-05
296,1,0.0012950193463614674
297,1,0.0009084817938503581
298,0,0.0036529892233533303
299,0,-0.0006165646432716415
300,1,-0.0055606634462060985
301,0,0.002048734525964236
302,0,-0.0003031460865876499
303,1,-0.002579536676827359
304,1,0.0027013419369583506
305,0,0.008094058256001567
306,0,-0.003168097152653549
307,1,-0.0017507480072291581
308,1,0.0007602690194456361
309,0,-0.0024357230352225127
310,0,-0.003490652477492068
311,1,0.00024407854567598026
312,0,0.0021261616159671745
313,0,0.0005693794678913385
314,1,-0.0018577242277206425
315,0,9.561305278606627e-05
316,0,0.0002778550676068999
317,0,-0.003625855147284973
318,1,-0.005687508126868899
319,0,-0.0031510738959076674
320,1,-0.00511756511275614
321,0,-0.002312102172986116
322,0,-0.0017339756247180126
323,1,-0.0025897454052621746
324,1,-0.0030476978950204686
325,1,0.0004977112319579175
326,0,-0.0016788304119884731
327,0,-0.0019874783859237305
328,1,-0.0009146900032324347
329,1,0.0001830119407663252
330,1,-0.00192590031224439
331,0,-0.0014967424672553751
332,0,-0.0008715698854483637
333,0,6.839989382849826e-05
334,1,-0.0027172506868476083
335,1,-0.001961588474875005
336,0,-0.0014854067620574626
337,0,-0.000951109129837701
338,0,-0.0010626109712080884
339,1,-0.004218033405651191
340,1,-0.0006647359432969312
341,1,-0.00015372869148518563
342,0,0.006155866936009126
343,0,0.004361317177561068
344,1,0.00011441304667868662
345,0,-0.004292108145497028
346,1,-0.00825244113301587
347,1,-0.011731396943085705
348,1,-0.006346932945064383
349,0,0.0034319998197677214
350,1,0.0025023640456769405
351,1,0.0074883077937126395
352,0,0.006621912910351848
353,1,0.000869316453151707
354,1,0.0003560440423779265
355,1,0.0014181680100397403
356,0,0.00016708113343621086
357,0,-0.003871202021963288
358,1,-0.0031281465133397397
359,0,-0.003481563980794889
360,0,-0.0056898663793635935
361,1,-0.008741418550284794
362,0,0.000989006960224846
363,1,0.002813733731567447
364,1,0.005372616392312456
365,1,0.008365318888487325
366,0,0.010781818950390078
367,1,0.003081983738453039
368,1,0.004323884767322463
369,1,0.002694609095279851
370,0,0.0018382435637306883
371,1,0.0003390505545586263
372,1,0.0033809079799611485
373,1,0.004737240102249405
374,0,0.004465737365194288
375,0,0.0037041706156189813
376,1,0.003965281357899609
377,0,0.003825887497388191
378,0,0.0003151568853260251
379,0,-0.0014925792734048105
380,0,-0.0024297908593395438
381,0,-0.0028470609682958825
382,0,-0.004798849496005624
383,1,-0.003625699959957822
384,1,-0.0027573950417294686
385,1,-0.00015135970077228452
386,0,0.002059168761180016
387,1,0.0016754231719805384
388,1,0.004883724438165678
389,0,0.005996767721370666
390,1,0.0037619983301379833
391,1,0.003761262325295072
392,0,0.00496931534456416
393,0,0.0016835184406455337
394,0,0.0002282671096793355
395,1,0.000797963165417648
396,0,0.0004963880393172423
397,1,0.00015814135018756099
398,0,0.0015304163490205721
399,1,0.0006528564694470581
400,1,0.0010575948937495854
401,0,0.00013544754304638427
402,1,-0.0011859151039125316
403,1,-0.0018378516870372172
404,1,9.789208923255895e-05
405,1,0.0010145368029466522
406,1,0.002219310729349081
407,1,0.004161058415491065
408,0,0.004465579338905031
409,0,0.0035330062576585048
410,1,-0.0016948946249848167
411,1,0.007074521862977613
412,0,0.013120011901776987
413,0,0.00944824291766598
414,0,0.008774701260965617
415,0,0.011940308812366946
416,1,-0.002466440956489427
417,0,-0.007279262738082615
418,0,-0.004878442529163694
419,1,-0.004608972807759865
420,1,-0.003141339888018559
421,0,0.0014643499700810528
422,1,-0.00038828058080909056
423,1,0.0008600389209185731
424,0,0.0030154819657208687
425,0,0.00122948292092896
426,0,0.0005059448481867154
427,1,0.0003085502175348922
428,1,0.0003471182434686094
429,0,-0.0012627534514007804
430,1,-0.0034862274638303783
431,0,-0.002353167677471866
432,1,-0.0030220625305228594
433,0,-0.003481250644802757
434,0,-0.0036328569503333206
435,0,-0.001385548552498872
436,1,-0.0026491584427900733
437,1,-0.00037287401480254925
438,0,0.00017637007615022753
439,0,-0.0004585865613309017
440,1,0.0006015857924210778
441,1,0.0017207100723854733
442,1,0.0014793742466735432
443,0,0.001545931834047496
444,0,0.0010873408374886505
445,1,0.00021034480874125588
446,0,0.0001671710866001217
447,1,-0.0011114961632129176
448,0,0.00016335143980005656
449,0,0.00014880133700454179
450,1,0.0007005394706778548
451,0,0.0022684785329775458
452,0,0.0011454915446175997
453,0,-0.0009838729535614804
454,1,-0.0009394097635153753
455,0,0.0007354087368656372
456,0,-0.002117641612272174
457,0,-0.003895566773586766
458,0,-0.003941542040239271
459,0,-0.0045673074970600525
460,0,-0.008366242897337195
461,0,-0.009038565823727905
462,1,-0.008399784594338992
463,0,-0.004338187600622931
464,0,-0.003073792447252679
465,0,-0.0006936324359566662
466,1,0.0006670439017675885
467,1,0.003554969929607544
468,0,0.0007724124197023751
469,1,0.00041126175387920137
470,0,0.0021892667302114252
471,1,0.0019204231063326964
472,1,0.0027763240161449575
473,1,0.0028330143645830435
474,1,0.004887137606385499
475,1,0.005707267420609645
476,1,0.00749058497221095
477,1,0.007423510080733048
478,1,0.00654466666839474
479,0,0.005557358513068184
480,0,0.0021495547053932804
481,1,-0.0002260887636189238
482,1,-0.0006857217723256533
483,0,0.00034651266056245683
484,0,-0.00014644467786775097
485,1,0.00037284682724413574
486,0,0.0019861300085807065
487,0,-0.0007413929628597548
488,1,-0.005600887514617785
489,1,-0.003866795254387872
490,0,-0.0013461068951636812
491,1,-0.0035285299375297507
492,0,-0.0005489454832723553
493,0,-0.00019398378317231346
494,0,-0.0018734221777102866
495,1,-0.004728128921706621
496,0,-0.003029009972486222
497,0,-0.004931138023805543
498,0,-0.0029481925536325995
499,0,-0.00402162447453636
500,0,-0.005990550677330541
501,0,-0.006850375155536129
502,0,-0.010425145702585889
503,0,-0.012772688912953814
504,0,-0.01492142572942547
505,0,-0.013691386874918526
506,1,-0.014185584684270683
507,0,-0.008669645805205984
508,1,-0.006578662280043929
509,1,0.0006593587926083846
510,1,0.0031233970822419845
511,1,0.004535482888139328
512,0,0.004218516484689811
513,0,0.005518764115097421
514,1,0.0015373982925372073
515,0,0.0008000546170318457
516,1,7.587016330196824e-05
517,1,0.0004461737812472777
518,1,0.0008651492521864476
519,1,0.0038117673287092896
520,1,0.004037341272048333
521,0,0.00600996931902704
522,0,0.004478089558078744
523,0,0.003494061517129126
524,1,-0.0008675713103936004
525,0,0.00011101397184375295
526,0,-0.0022946306901040934
527,1,-0.0040310885700506425
528,0,-0.002169985613190197
529,1,-0.0016529237260247617
530,0,-0.0019274673205544844
531,1,-0.0010997139880967015
532,1,0.0023283398877544425
533,0,0.0018415070023911375
534,1,0.0022372829029837374
535,0,0.0012831985310313735
536,0,-0.0013361936957145136
537,0,-0.003676033775919637
538,1,-0.004723384258115862
539,0,-0.0033268510633649656
540,0,-0.00391338997617399
541,0,-0.005247829211776261
542,0,-0.005868158905870458
543,0,-0.006989547126397086
544,1,-0.008505326327422732
545,0,-0.006979253435014007
546,1,-0.0038187189215371136
547,1,-0.0019379982864802278
548,1,0.0006736827093189679
549,1,0.0017513865083249285
550,1,0.0007207316379734803
551,1,0.002246851934768795
552,0,0.0030954151936567705
553,0,0.0004844810251407107
554,0,-0.000612686442649826
555,1,-0.0023449895857681835
556,1,-0.0027620760641669717
557,0,-0.003464407897821667
558,0,-0.0030751014715981184
559,0,-0.0037646976449570387
560,0,-0.004507250703714575
561,1,-0.008524844529864415
562,0,-0.006805346903788358
563,0,-0.005674583306639815
564,0,-0.005176747835275004
565,0,-0.003518475002457259
566,1,-0.0009770737730037632
567,0,-0.0023167944234490857
568,1,-0.0026248835023231164
569,1,-0.00018376260342249564
570,0,0.0013779928210946567
571,0,0.0009340116698247414
572,1,-0.0022920876980548057
573,1,-0.00095533537511745
574,0,-0.0020206527085592017
575,0,-0.0033009040945687585
576,0,-0.0036890304412597235
577,0,-0.001596553401067868
578,0,-0.0030886431254488513
579,0,-0.004222676075548312
580,0,-0.005088777377793495
581,1,-0.0031826899312950574
582,1,-0.0023544842229104726
583,1,-0.0016062764574908427
584,0,0.0007585919005815449
585,1,0.0013877116746469896
586,0,0.0027936999037755828
587,1,-0.0026745651371013097
588,0,8.527434605173009e-05
589,1,-0.0015043903002417557
590,1,0.002340463807326567
591,0,0.0014246635312928108
592,1,0.003633023167691382
593,1,0.0038635603080859845
594,1,0.0062799507245052035
595,1,0.003561103794726439
596,1,0.005126677161751986
597,0,0.008395329997986216
598,0,0.004743299117405642
599,1,0.000566264808241692
600,1,0.0026267804542174917
601,1,0.0007273249888440015
602,0,0.0008274846268419182
603,0,0.0009552173773027124
604,0,0.002191875501829305
605,0,-0.0014683251329800852
606,0,-0.0018444560162265602
607,1,-0.00422838835188276
608,0,0.0014673525529080751
609,1,0.0018451769447931227
610,1,0.0037087325605864516
611,0,0.005560510271181706
612,0,0.003930332364009398
613,0,-0.002134785738841874
614,0,-0.003983581067477748
615,1,-0.007440015726721404
616,1,-0.008429597064175093
617,1,-0.0034096254575295484
618,0,-0.0026899504001514493
619,0,-0.0014260530545308777
620,0,0.0007363707444033132
621,0,-0.001275076033612006
622,0,-0.005373199951904023
623,1,-0.009077890931037853
624,1,-0.008218312213020457
625,0,-0.007310729851102647
626,0,-0.0058109553208316195
627,0,-0.003960473595381363
628,1,-0.0010985647788624344
629,0,-0.0010468892460193276
630,0,-0.004371116720472962
631,1,-0.005173131821472264
632,0,-0.002747546672638012
633,1,-0.0024930422356542145
634,1,-0.0009512655050837847
635,0,0.0023207366092966018
636,0,0.0012157380468512905
637,1,-0.002826704567709358
638,1,-0.0023141340975987683
639,1,-0.0022917592891179665
640,0,-6.848440983238738e-05
641,1,-0.0003564402250367561
642,1,0.002251959390237322
643,1,0.003128927568638759
644,0,0.0026891469390200136
645,0,-0.0013279105087238175
646,0,6.76607277743841e-05
647,0,-0.0015358757311913402
648,0,-0.004307501024526645
649,0,-0.005942375324956108
650,1,-0.004937418702519934
651,0,-0.0029603476945347846
652,0,-0.004064699322103918
653,1,-0.010010639854464697
654,0,-0.00838156125590868
655,0,-0.008581921457162077
656,0,-0.015223107179525514
657,1,-0.014564382885399374
658,1,-0.005912820438987106
659,1,-0.006654523151319788
660,1,-0.0042430379868878395
661,1,0.0026867161244807205
662,0,0.0068682002556938624
663,0,0.000151620792750104
664,1,-0.00458747328216056
665,1,-0.005441746912822977
666,1,-0.0037629051014630944
667,0,-0.005819859814985664
668,0,-0.004913521045437995
669,0,-0.004279779312078765
670,1,-0.005796240191752997
671,1,-0.008468085822023606
672,1,-0.006742090351549103
673,1,-0.0015360197656844382
674,0,0.0023646618483430817
675,1,0.00257342083374379
676,1,0.002215093831079565
677,0,0.001395140226738216
678,0,-0.0001972471173003849
679,0,-0.0035707854674547567
680,0,-0.005866166152872598
681,0,-0.006230476616370757
682,0,-0.011312978130155988
683,0,-0.012582387861820452
684,0,-0.011262665699952297
685,0,-0.012319233602428021
686,1,-0.014349515698372867
687,0,-0.008045785309202228
688,1,-0.008759752689614996
689,1,-0.00529031976756079
690,0,0.00021596721270928445
691,0,-0.003549128144082948
692,1,-0.007332399517015692
693,0,0.001355185311594654
694,0,-0.001651267723303898
695,0,-0.005070271308237737
696,0,0.0002118160907477462
697,1,0.00016786340090782227
698,0,-0.002882869912379741
699,0,-0.0035364521330437477
700,1,-0.002227079484856142
701,1,0.002459914557944606
702,0,0.0037575690170636848
703,0,-0.0013322361849133738
704,0,-0.002772497152595755
705,0,-0.007728191908641292
706,0,-0.012730337285469694
707,1,-0.017631120634895366
708,1,-0.01364147602306037
709,1,-0.009231362938714623
710,0,-0.0029834469715270657
711,0,-0.007130433747463441
712,0,-0.004431351392355956
713,0,-0.011611957198445754
714,1,-0.017355707222853414
715,1,-0.007211235050248006
716,1,-0.0008325880326375941
717,0,0.0016076510471898509
718,1,0.006059629660037679
719,1,0.011738528738266129
720,0,0.0017088046991199104
721,0,0.00027740930222854135
722,1,-0.0003668049158026959
723,0,0.0019729700504341487
724,0,-0.001262223761361482
725,0,-0.00502467494414012
726,1,-0.0066513125656922955
727,1,-0.0062456364331703205
728,1,-0.004608871220890286
729,1,-0.002150385031341751
730,0,0.0029722568232464813
731,1,0.004311499449614382
732,0,0.008439853165890064
733,1,0.0015676754658994923
734,1,0.0013918541776793121
735,0,0.0010865539964239582
736,0,-0.0012490363919800775
737,1,-0.0059626956685931804
738,1,-0.0009497271256075603
739,1,0.0013689126274897552
740,0,0.003766909973955511
741,0,0.0063278089895197984
742,1,0.00605160694318903
743,1,0.006422484503155248
744,0,0.006700282363508739
745,1,0.0005084546235278959
746,1,0.0059900769560526776
747,0,0.009324688786263483
748,1,0.006874788275082836
749,1,0.00551731827122815
750,0,0.008836165855345593
751,0,0.002555915906507368
752,0,-0.0008697299600724927
753,0,4.816399203628639e-05
754,0,-0.0015116351868051947
755,1,-0.004319266101542846
756,1,-0.0021606727449963647
757,1,0.0009094479454109783
758,0,0.0028579019555956043
759,0,0.0010403870025334078
760,0,0.0012955140739121416
761,0,-0.0002311737307755972
762,1,-0.0032559982028289316
763,0,-0.003939789047267068
764,1,-0.005749126549060563
765,0,-0.0033831859111630143
766,1,-0.007482435992588887
767,0,-0.006477330514045911
768,0,-0.009030552277735764
769,0,-0.005448712540600581
770,1,-0.008847335840085095
771,0,-0.0037806525881936863
772,0,-0.004669029756834128
773,1,-0.0038978793969606782
774,0,-0.0029677386347218967
775,0,-0.002066109109718649
776,1,-0.004901553749959401
777,1,-0.0030957946380469866
778,0,0.009436163511846864
779,0,0.003982032271411235
780,1,0.0013939583366162078
781,0,0.004459730622487191
782,0,0.002054227076521929
783,0,-0.009723744674117608
784,1,-0.005541116764058724
785,0,-0.0016978898733024123
786,1,-0.003941902587118686
787,1,0.0010434004473000268
788,0,0.0037995893541454004
789,0,0.00319402768146022
790,0,0.0001309160170413666
791,0,0.00027534517345172165
792,1,-0.004872173583563668
793,1,-0.006886845590037803
794,0,-0.004867414048754404
795,1,-0.0042912806587165325
796,0,-0.0014992419913091746
797,0,-0.0030247284763821715
798,0,-0.003689439894474119
799,1,-0.010555707832249921
800,0,-0.006900306006812383
801,0,-0.0091000517937287
802,1,-0.006374880423057047
803,1,-0.00488848101222645
804,1,0.00266623233926448
805,1,0.0044874220142299154
806,0,0.006139077071940476
807,1,0.005378891361431788
808,0,0.005321344202878793
809,0,0.0012986144444131812
810,1,-0.0032585780799017487
811,0,-0.003056138071535105
812,0,-0.004739641936182244
813,0,-0.007561384348054714
814,0,-0.008463624121713458
815,0,-0.00961039029761449
816,1,-0.0108770010144907
817,1,-0.007607616179731021
818,1,-0.005743196613235356
819,0,-0.0009523809170749088
820,1,1.8254698643821803e-05
821,1,0.0005247681738655903
822,1,0.0007340843183658685
823,0,0.00488692109136578
824,0,-0.0007019323380219204
825,0,0.0007237031158257815
826,1,-0.007211463574130592
827,1,-0.006781324396030189
828,1,-0.009560246221159575
829,1,-0.002598439529875685
830,0,0.0012257774118966552
831,1,0.00582391207200782
832,0,0.009733811933613199
833,1,0.0031502012997077977
834,0,0.0019050617532234116
835,1,-0.003937003253149731
836,0,-6.334399518998171e-05
837,1,-0.008184128556447973
838,1,-0.0018858291040382198
839,0,-0.0024822688951303953
840,1,-0.0021234796229646627
841,0,0.0009691510615410778
842,1,-0.0017505042533611
843,1,0.002150054391033824
844,0,0.003938135777634098
845,1,0.0047338396284454095
846,1,0.0010774614843242004
847,0,0.009256966346709122
848,0,0.002754998165561468
849,0,-0.0012368607380615388
850,0,-0.0030798022091995205
851,1,-0.0033436119238979788
852,0,-0.005435740572054383
853,0,-0.0044110214576371055
854,1,-0.007299410757460878
855,1,-0.0038327586883723347
856,0,-0.00375510437113871
857,1,-0.005925000824968522
858,0,-0.0022006731797356424
859,1,0.001518860326435895
860,1,0.0019120209615052022
861,1,0.001911943948865607
862,0,0.0038904514510920947
863,0,-0.005051297974262857
864,0,-0.006425701715494331
865,0,-0.010121904792876116
866,0,-0.012576095741797893
867,0,-0.014008850916377788
868,1,-0.011302766988928221
869,0,-0.008969279281392812
870,0,-0.00989783754311379
871,0,-0.010345927947369025
872,0,-0.012524388178918303
873,0,-0.01576968883949735
874,0,-0.01720360241125523
875,0,-0.017921021601941766
876,1,-0.021957545802082784
877,1,-0.015470544654274146
878,0,-0.006907199337338831
879,1,-0.007344959881368522
880,1,-0.002299524102070785
881,1,0.007360391910935746
882,1,0.005148395128447004
883,1,0.0045098199396249525
884,0,0.00974413564542132
885,0,0.008085802082154933
886,1,0.0045310415869908765
887,0,0.005782784858070504
888,1,0.0031363330163644123
889,1,0.002344623293101522
890,0,0.004468614483856656
891,1,0.004582289997062271
892,1,0.0032709813369277965
893,0,0.0045211226828824015
894,0,-0.0008044381957467775
895,0,-0.0038537097719538783
896,0,-0.0033446105255671523
897,1,-0.004410926474390647
898,0,-0.004361817380177353
899,0,-0.002700948170211454
900,1,-0.0017870880357604708
901,0,0.0030259240618345654
902,0,0.0018314781007997775
903,1,0.0009420139599696095
904,0,0.0038062424210873274
905,1,0.0037856009066419396
906,1,-0.00017582083516292274
907,0,0.0025045984774532807
908,1,0.0021652289681090447
909,0,0.0021666098570992482
910,0,0.00047732009013371423
911,0,-0.0007922404364189464
912,0,-0.0027304011323006547
913,1,-0.0022237376037175806
914,0,-0.0029059600996570963
915,0,-0.0010001428389878387
916,0,-0.0054313248965789
917,0,-0.008994850618034376
918,0,-0.015327806309986253
919,1,-0.0225624501357438
920,0,-0.01694434563991117
921,1,-0.01796952360548839
922,0,-0.01156345685813683
923,0,-0.00705853157391754
924,0,-0.0029569451089140842
925,1,-0.012242821256908449
926,1,-0.0036091912047504075
927,0,-0.004489918783611789
928,1,-0.0037571248485899046
929,0,-0.0006928261515823519
930,1,0.0009362783005154772
931,1,-0.0007749067004052867
932,1,-0.0004537049429036143
933,0,0.0018515999766253947
934,1,-8.118605701137169e-05
935,0,0.007257378620442939
936,1,0.003091335610410706
937,1,0.0030702672595660486
938,0,0.004281983754968751
939,1,0.0031998484391045448
940,0,-7.003798755990213e-05
941,0,0.003097229976339393
942,0,-0.0001575048496999229
943,1,-0.005318568983216508
944,1,-0.003675981401096761
945,1,-0.0024231878879689694
946,0,0.0006358959732002241
947,0,0.0022244058918624715
948,1,0.0039062223900775002
949,0,0.003844200061418817
950,0,0.0008852039091765063
951,1,-0.002353394283341757
952,0,-0.0018104418906706456
953,0,-0.0007252889490178819
954,0,-0.0016935189329279968
955,0,-0.0015128057049465285
956,1,-0.00496869039499903
957,0,-0.004238409435094062
958,0,-0.004665643127096103
959,1,-0.004615674601298086
960,1,-0.0020504176378643687
961,0,0.002370843329493088
962,0,0.0009180741200231435
963,0,0.00026168090873802117
964,1,-0.0020004917866534274
965,1,-0.0027803543145035834
966,0,-0.0008471920380161071
967,0,-0.0012237227028053478
968,1,-0.0003894377548111316
969,1,0.004524761158251699
970,0,0.003655620569403775
971,1,-0.0009230417557186683
972,1,0.0010583032088847398
973,1,0.002731314637099869
974,1,0.0015536203303076874
975,0,0.0017412946686163708
976,1,0.00044364799538671037
977,0,-0.000364938265679647
978,0,-0.002232577586327538
979,0,-0.004428496719001565
980,0,-0.008394809085258071
981,0,-0.018234089795041267
982,0,-0.02006381301101296
983,1,-0.025661902230686272
984,1,-0.02123510818957657
985,1,-0.01266248103073302
986,0,0.0017200977248296831
987,1,0.0005395587341582589
988,1,0.008028867817335156
989,1,0.005520661122378401
990,0,0.0015691825058208615
991,0,-9.045177415116e-05
992,1,0.0020142446136648053
993,0,0.0028082225378150347
994,0,0.0013487623235204859
995,0,-0.001363675644043891
996,1,-0.0020192364495594537
997,0,0.0037473732783443294
998,1,0.0015591552784190142
999,0,0.005118526701792195
1000,1,0.0012026933126578821
1001,1,0.004162816318766925
1002,1,0.0017538496597045163
1003,1,0.002468968429337073
1004,0,0.0009964738938182502
1005,1,0.0011110345357529625
1006,1,-0.0002059731236587416
1007,0,-0.00037510565779766414
1008,0,-0.0023716052787493697
1009,0,-0.005213862586932099
1010,1,-0.0007490888361009909
1011,0,0.0032345465018330547
1012,1,-0.004387748817722938
1013,0,-0.001999164334029796
1014,0,-0.001294037382466143
1015,1,-0.0029872483478605447
1016,1,-0.00723333642715487
1017,1,0.0017379454173133703
1018,0,0.004374401212084918
1019,1,0.005035395228264848
1020,1,0.010174971513933134
1021,0,0.010659922742566916
1022,1,0.0050173455334911726
1023,0,0.0025388258920875178
1024,1,0.002231063946012384
1025,1,0.0007661530658978011
1026,1,0.0008306833870875158
1027,0,0.00514452362906218
1028,0,0.0014940058840729234
1029,0,0.00029432358684053914
1030,1,-0.006504280182880231
1031,1,-0.005155513196381063
1032,0,0.0033138674577120886
1033,0,-0.0024212449266158
1034,0,-0.0019287177958825165
1035,0,0.0023168961833714185
1036,0,-0.0024636126257637217
1037,1,-0.017063115638461503
1038,1,-0.007147549295391268
1039,0,-0.005484845737740359
1040,1,-0.005367326331870935
1041,1,-0.0020195381003558785
1042,0,0.004041177196633468
1043,1,0.00018786496707716324
1044,0,0.0005017477172406046
1045,1,-0.0029254343739598095
1046,0,-0.0020373307281844333
1047,0,-0.005276731146825771
1048,1,-0.003168424620916985
1049,1,0.001475284509417197
1050,1,0.006010077316297559
1051,1,0.0060724375601950665
1052,1,0.011276546612679201
1053,1,0.016918583256990437
1054,1,0.018004175255892853
1055,0,0.019172158726590765
1056,1,0.01377475450328668
1057,1,0.009611411633679014
1058,0,0.00741196519288817
1059,1,0.0003783819764508874
1060,0,-1.2209240628918619e-05
1061,1,0.0018795709705672517
1062,1,0.00168191107905762
1063,0,-0.0016823320848367344
1064,1,-0.0027548428354581935
1065,0,-0.002388568184144209
1066,0,-0.001975529578772979
1067,1,-0.004039496321022908
1068,0,-0.003716800002532529
1069,0,-0.00595654319318758
1070,1,-0.01195136793902955
1071,1,-0.010226334670347842
1072,0,-0.005021115726999786
1073,0,-0.006009738768911299
1074,0,-0.0030497719344784596
1075,1,0.0007593241662774254
1076,1,0.001501636459373626
1077,1,-0.001483096784541536
1078,1,0.0009553557882149153
1079,0,0.0036121855565883084
1080,1,0.004072859215346949
1081,0,0.004916674792115862
1082,1,0.002965702419017386
1083,1,0.0026419124824406436
1084,1,0.006064911611456663
1085,0,0.0076298051717247
1086,0,0.004408760451210639
1087,1,0.005708281988300063
1088,0,0.004330067934831959
1089,1,-0.00210632509454587
1090,1,-0.00024285548445059194
1091,1,0.015903233497219404
1092,1,0.019235803520425206
1093,0,0.02177926326514801
1094,1,0.021117734599126508
1095,0,0.018270759510158545
1096,1,0.0006688016641858568
1097,0,-0.0018328188316200753
1098,1,-0.005237320374536359
1099,1,-0.001303469119098179
1100,0,0.0013128984688655428
1101,1,-0.005392124745885076
1102,0,-0.003745192828996438
1103,1,-0.004427144080874461
1104,0,-0.004856562240294277
1105,0,-0.007858162573041297
1106,1,-0.003343087943561908
1107,1,-0.004287404545586752
1108,0,5.89920901999972e-05
1109,0,-0.005841967058386922
1110,1,-0.007670983815858581
1111,1,-0.0015804229170586763
1112,0,0.00011833741459121097
1113,1,-0.0029502101517249104
1114,0,0.003288237357955031
1115,0,0.005310664615703037
1116,1,0.002908489408739676
1117,0,0.004375076751574636
1118,0,0.0035088564060880936
1119,1,-0.00017908930839740934
1120,0,0.00184528269914272
1121,0,0.0005601228137578067
1122,0,-0.003983235342968243
1123,1,-0.0033641726034739266
1124,1,-0.0009197234545025362
1125,1,-0.0025011809466974405
1126,0,0.0011852193401087217
1127,1,-0.000427972667460658
1128,0,0.00032699215223157827
1129,0,-0.0019916012892377084
1130,1,-0.0028731979935723555
1131,1,-0.003806999606554731
1132,0,0.0006450706537592527
1133,0,-0.0038799445962075948
1134,1,-0.003527595899681775
1135,0,-0.0019987982355148862
1136,0,-0.005387396909338672
1137,0,-0.009076257708474611
1138,1,-0.0054513202799485825
1139,1,-0.0030813308135288963
1140,1,-0.0023620245618312446
1141,0,0.004628784428043746
1142,1,0.005036702741147077
1143,0,0.005812863603028949
1144,1,0.00025091291813389633
1145,0,-0.0010436826778323237
1146,1,-0.00753684430605994
1147,0,-0.005986202045304645
1148,1,-0.00806472744558621
1149,0,-0.0018952727421546404
1150,0,-0.004320095935557586
1151,1,-0.0049364758360713875
1152,0,-0.0036901326573718293
1153,0,-0.006483142948449342
1154,0,-0.008152315373623107
1155,1,-0.00842337742255432
1156,0,-0.0051005249949999
1157,1,-0.00910304186235002
1158,1,-0.0004152354914756462
1159,1,0.00019705834742765374
1160,0,0.0033728905498955396
1161,0,0.0024429940619367296
1162,0,-0.005029234659586298
1163,1,-0.01600066934266834
1164,0,-0.012086702768371404
1165,1,-0.013255165297454161
1166,1,-0.011293278687182235
1167,0,-0.0016063406186654326
1168,0,0.002911483944649622
1169,0,-0.0054045426404154525
1170,0,-0.009537704232744474
1171,1,-0.013868704835979262
1172,1,-0.012517605025298164
1173,0,0.0005971329487895333
1174,1,0.000883217865511754
1175,1,0.009392697156585316
1176,1,0.018972794098025342
1177,0,0.020064398919353875
1178,0,0.00840104620617559
1179,0,0.010869007916131612
1180,0,0.0047670266594489995
1181,1,-0.01838584179021395
1182,1,0.004436489749418515
1183,1,0.01615087914521244
1184,1,0.0321171043560628
1185,0,0.046294233043280265
1186,0,0.055498594625602124
1187,0,0.02827791280529305
1188,1,0.003921798223996886
1189,0,0.0003479821748506681
1190,1,-0.015414756379910074
1191,1,0.005351497666623977
1192,1,0.00886597421386333
1193,0,0.026806341789300758
1194,0,0.012845083861645517
1195,1,0.013690894781497437
1196,1,0.010404682309316165
1197,0,0.016030767082833394
1198,0,0.011036503047102133
1199,1,0.011313925756087601
1200,1,0.01840658218725478
1201,1,0.01408343528094531
1202,1,0.006672404270868962
1203,1,0.009927908830389187
1204,1,0.012954662737838355
1205,1,0.013815787512391561
1206,1,0.009700494137129239
1207,0,0.010796689511024474
1208,0,0.005053395858468018
1209,0,0.004210654871896515
1210,1,-0.0015410829412821898
1211,1,0.0014937061756420302
1212,0,0.004860429919661851
1213,0,0.007712442715504457
1214,1,0.008132560105193247
1215,0,0.010089078067359336
1216,0,0.0015439588326745025
1217,0,-0.00457532501097761
1218,1,-0.0046610272283728535
1219,0,-0.0028110437457588506
1220,1,-0.0092096248270974
1221,1,-0.0019102513794797763
1222,1,-0.00033246139512700554
1223,0,0.00035398329847713265
1224,1,-0.00605008415549461
1225,1,0.0011261658996635673
1226,1,0.0013082806392375804
1227,0,0.006561036660069702
1228,1,0.00038312184630177393
1229,0,0.005599708625629649
1230,1,0.0011657764264405728
1231,0,0.00032249681807515473
1232,1,-0.006021948997039813
1233,0,0.0042970094244308655
1234,1,0.0021976953972386373
1235,0,0.0058478052188783046
1236,1,0.0027858161471008584
1237,0,0.009906982970491446
1238,1,0.004286925320525571
1239,1,0.009121044551103604
1240,1,0.01340943745076668
1241,0,0.0226904295612889
1242,0,0.015323266266845076
1243,0,0.012963589788553517
1244,1,0.00622698392824395
1245,1,0.0006800575469086816
