,Daily_ROI,Daily_ROI_past_ma5
0,0.027605619718309805,
1,0.012206618247391183,0.027605619718309805
2,0.014804831165349978,0.019906118982850496
3,-0.02183860308828808,0.01820568971035032
4,0.030113190002137497,0.00819461651069072
5,-0.008427647798742223,0.012578331208980076
6,-0.01825043492449718,0.0053716777055696704
7,-0.012105640383628121,-0.0007197329288080014
8,0.023125879912616915,-0.006101827238603622
9,0.0025179025557093815,0.0028910693615773774
10,0.002001300888103857,-0.0026279881277082454
11,0.003126172275526169,-0.0005421983903390296
12,-0.027093937223952938,0.00373312304966564
13,-0.021423106896789345,0.0007354636816006774
14,-0.006630187379880146,-0.008174333680280574
15,0.009787289956438338,-0.01000395166739848
16,-0.0015298571766993797,-0.008446753853731583
17,-0.004472246244000854,-0.009377959744176694
18,0.012786088898939892,-0.0048536215481862766
19,-0.005879421919454174,0.0019882176109595707
20,0.004625037499999962,0.0021383707030447644
21,-0.009432816184684127,0.00110592021175709
22,0.0058742780683844545,-0.00047467158983985954
23,-0.01591611292105694,0.0015946332726372021
24,-0.008592368064093693,-0.004145807091362164
25,-0.007805640186327756,-0.004688396320290068
26,0.0043798017923405725,-0.007174531857555612
27,-0.01464730785950624,-0.004412008262150671
28,-0.013245084709905606,-0.00851632544772881
29,0.004600999079795104,-0.007982119805498544
30,-0.0007909042869639972,-0.005343446376720785
31,-0.00699945843899275,-0.003940499196848033
32,-0.002933346666666618,-0.006216351243114697
33,0.003107308961387777,-0.0038735590045467726
34,-0.014186346042459169,-0.0006030802702880961
35,0.03854051988688507,-0.004360549294738951
36,-0.018591025739572012,0.003505735540030862
37,0.03053545690831773,0.0011874220799150098
38,0.02747030278721615,0.007881182794911878
39,0.0038978493575847787,0.012753781560077554
40,-0.020886605860215623,0.01637062064008634
41,-0.015583320977818848,0.004485195490666205
42,0.017363129156585413,0.005086736443016838
43,-0.005512596623831115,0.0024522708926703746
44,-0.00801235603053649,-0.004144308989539078
45,0.030897732244891556,-0.006526350067163332
46,-0.03062456805740354,0.0038305175538581038
47,0.0004160127720509634,0.0008222681379411658
48,0.020899681660899654,-0.002567155138965725
49,0.014285755102040868,0.002715300517980429
50,0.006004763650793553,0.0071749227444959
51,0.015558591046220399,0.0021963290256762995
52,-0.0019587620277156225,0.011432960846401089
53,-0.0014560025894373148,0.010958005886447771
54,-0.006473840494812123,0.006486869036380375
55,0.00215773426412035,0.0023349499170097787
56,-0.011594984807738752,0.0015655440396751374
57,-0.0010959178082190855,-0.003865171131116693
58,-0.006097628478416247,-0.003692602287217385
59,-0.03873094461560064,-0.004620927465013172
60,-0.013683109254098737,-0.011072348289170876
61,0.013061633789626152,-0.014240516992814695
62,-0.00617363573061481,-0.009309193273341712
63,0.017381421359697263,-0.010324736857820859
64,0.0033333055555555546,-0.005628926890198155
65,0.0024899709158946147,0.0027839231440330847
66,0.005636568755473442,0.006018539178031755
67,0.017359157060735073,0.004533526171201213
68,-0.00026884825862927796,0.009240084729471191
69,-0.009272987003199252,0.005710030805805883
70,-0.0031246297632843926,0.003188772294054921
71,0.008889414296112744,0.002065852158219119
72,0.014430195160345318,0.0027164212663469797
73,0.022595124207188108,0.0021306288862690285
74,-0.0011704513092788478,0.006703423379432506
75,0.008792730004963134,0.008323930518216586
76,0.0006493896103896597,0.010707402471866091
77,0.03522404771789644,0.009059397534721476
78,-0.014782046373163759,0.013218168046231698
79,-0.01752368892299838,0.005742733930161327
80,0.012596759120807894,0.00247208640741742
81,0.026312351877839306,0.003232892230586372
82,-0.002409868209531602,0.008365484684076302
83,-0.005104019199795113,0.0008387014985906932
84,-0.0020400739512941887,0.0027743069332644226
85,-0.017987947629758336,0.0058710299276052615
86,-0.006551362683438156,-0.0002459114225079849
87,-0.010236207752081531,-0.006818654334763477
88,-0.02359319322033898,-0.008383922243273462
89,-0.010555583333333333,-0.012081757047382237
90,0.004599331010452868,-0.013784858923790066
91,-0.008115488643005025,-0.009267403195747825
92,-0.003933661140769966,-0.009580228387661198
93,0.0021239591281241752,-0.008319719065398887
94,0.008941171878675241,-0.0031762885957062545
95,-0.009015270707774543,0.0007230624466954608
96,0.010370309597455949,-0.001999857896950021
97,0.0012286143344709803,0.0016973017511421734
98,-0.007010867116377785,0.0027297568461903624
99,0.0005403350066233219,0.0009027915972899706
100,0.010036592565987011,-0.0007773757771204132
101,0.002552075321104538,0.0030329968776318973
102,0.0005364221536811551,0.001469350022361615
103,-0.011137882896049991,0.0013309115862036502
104,0.0032331670524114076,0.0005055084302692091
105,-0.01576604252480845,0.001044074839426826
106,-0.02510237277889344,-0.0041164521787322664
107,0.011484579510235808,-0.009647341798731862
108,-0.006813098076003838,-0.007457710327420932
109,0.007464774647887375,-0.006592753363411701
110,-0.003653765955381341,-0.005746431844316507
111,0.0001410984006467493,-0.003323976530431086
112,-0.0057068629309094615,0.0017247177054769522
113,0.012915627229913034,-0.0017135707827521016
114,0.003903513011145471,0.0022321742784312724
115,0.005508896770294813,0.0015199219510828917
116,-0.01411924663958505,0.0033524544962181225
117,-0.010501260445288726,0.0005003854881717625
118,0.01219512247001371,-0.00045849401470408993
119,0.018006714377536544,-0.0006025949666839551
120,0.016507489092462878,0.0022180453065942596
121,-0.011362104300550803,0.0044177637710278725
122,-0.003934350887726773,0.004969192238834722
123,0.014120841435958226,0.006282574150347113
124,-0.012056289027293002,0.006667717943536017
125,-0.008314038095377984,0.0006551172625701068
126,0.01849257572818325,-0.004309188174998066
127,0.008935950204452895,0.0016617478307487453
128,0.01842108109782896,0.0042358080491846795
129,-0.00152756557346019,0.005095855981558825
130,-0.013990884776537338,0.007201600672325388
131,0.012894169947979595,0.006066231336093518
132,0.005216266443823335,0.004946550180052786
133,-0.03251815732974039,0.004202613427926874
134,-0.0031003523548527156,-0.005985234257586996
135,0.004354063734279653,-0.006299791613865501
136,0.0022853306017618265,-0.002630801911702103
137,0.027280586421486567,-0.004752569780945656
138,0.014583375000000053,-0.00033970578541301017
139,0.010733709530807375,0.009080600680535077
140,0.004477639259605499,0.011847413057667096
141,0.03557312107510749,0.011872128162732264
142,0.0013180176096737385,0.0185296862574014
143,-0.0014421529346592592,0.013337172495038829
144,0.015084472949688512,0.01013206690810697
145,-0.004652979010482873,0.011002219591883198
146,0.0,0.009176095937865522
147,-0.019379389051483918,0.002061471722844025
148,-0.011860327667106547,-0.002078009609387506
149,-0.020193861338097217,-0.004161644555876964
150,-0.01206817933517437,-0.01121731141343411
151,0.01288957543596532,-0.01270035147837241
152,0.0005550298321077249,-0.010122436391179346
153,0.007616360857084408,-0.006135552614461017
154,-0.003878102654214646,-0.0022402149096228253
155,-0.00809333311129412,0.001022936827153689
156,0.016986273972602738,0.0018179060719297386
157,-0.00850438691942796,0.0026372457792572224
158,0.008504732276962117,0.0008253624289500855
159,-0.014249186910192186,0.0010030367129256275
160,-0.003830342102061428,-0.0010711801382698807
161,0.009124788908480974,-0.0002185819364233424
162,0.021114220345227003,-0.0017908789492476953
163,-0.01218282948542533,0.004132842503683297
164,-0.003364415157407029,-4.669848794192424e-06
165,0.0,0.0021722845017628388
166,-0.001546231135855764,0.0029383529221751244
167,0.0009055627074166242,0.0008041489133077766
168,-0.009113168573319601,-0.0032375826142542986
169,-0.006622542354952803,-0.0026236504318331534
170,0.0036837125724586044,-0.0032752758713423076
171,-0.0005217295036319647,-0.002538533356850587
172,-0.00987271980231022,-0.002333633030405827
173,-0.004012490188649022,-0.004489289532351196
174,0.008975065386643942,-0.00346915385541708
175,0.0041311645253185115,-0.00034963230709773136
176,0.000641138728861132,-0.00026014191652574975
177,0.005542665492584118,-2.7568270027130424e-05
178,-0.013651429458462596,0.003055508788951737
179,-0.004937053333284965,0.001127720934989022
180,-0.0071437331379069925,-0.0016547028089967588
181,0.0031343607156849936,-0.00390968234164186
182,-0.0040380097969784645,-0.003411037944277088
183,0.014878608135789333,-0.0053271730021896046
184,0.015725714985158297,0.00037883451666078196
185,-0.0002533705081949713,0.004511388180349434
186,-0.004939822860284632,0.005889460706291838
187,0.007003731147379609,0.004274623991097913
188,-0.0015196023614080616,0.006482972179969527
189,-0.005862100090963377,0.0032033300805300495
190,-0.000765072705051712,-0.0011142329346942857
191,-0.006664919507751372,-0.0012165733740656338
192,0.006412722759872737,-0.001561592703558982
193,-0.010415330480807878,-0.0016797943810603565
194,0.004230794871794785,-0.0034589400049403196
195,-0.01626840366039662,-0.0014403610123886873
196,-0.002971627830190416,-0.004541027203457669
197,0.006317754159818451,-0.0038023688679454776
198,0.005390118208165155,-0.0038213625879563356
199,-0.0005105055149606531,-0.0006602728501617283
200,-0.005361220595415815,-0.0016085329275128159
201,-0.013497917296594504,0.0005729036854833453
202,0.018252947258915842,-0.0015323542077974722
203,0.010914304477952065,0.0008546844120220058
204,-0.00012707407098302805,0.0019595216659793876
205,-0.001514806847831231,0.0020362079547749127
206,-0.002418866871335535,0.002805490704291829
207,0.005927058292397088,0.005021300789343623
208,0.01857303701806085,0.002556122996039872
209,-0.004302670373424549,0.004087869504061628
210,0.019113149116469837,0.0032527502435733243
211,0.00012056412874354141,0.007378341436433539
212,0.014125292427253676,0.007886227636449354
213,0.0030952619047619053,0.00952587446342067
214,0.020132602554888572,0.006430319440760883
215,-0.008956659195572187,0.011317374026423507
216,0.01006075069978651,0.0057034123640151025
217,-0.01046149029944776,0.007691449678223697
218,0.00632838377291968,0.0027740931328834087
219,-0.04119498095005303,0.0034207175065149634
220,-0.009395936890638196,-0.008844799194473358
221,0.026592480558873987,-0.008932654733486558
222,0.0002426698970226496,-0.005626308761669064
223,0.0036358743513300734,-0.003485476722374982
224,0.01311204185415757,-0.0040239786066929035
225,0.008496876699303064,0.006837425954149217
226,-0.0024993930909091855,0.010415988672137468
227,0.005259311247462989,0.004597613942180835
228,-0.011525688615699137,0.005600942212268903
229,0.01035023518354721,0.002568629618863061
230,0.010729637961241231,0.0020162682847409885
231,0.003529447058823574,0.0024628205371286216
232,-0.005964935672514621,0.0036685885670751732
233,-0.004931290476254405,0.0014237391830796513
234,0.0014107924150199688,0.002742618810968598
235,0.008243111357586114,0.0009547302572631495
236,-0.00303740661302352,0.00045742493653212616
237,-0.003752785402349755,-0.0008559457978372925
238,-0.0007064398232531694,-0.0004135157438043194
239,-0.0018824000000000082,0.0004314543867959278
240,0.007085486537553103,-0.00022718409620806767
241,-0.006093227377231259,-0.0004587090602146699
242,0.00011699614263647621,-0.001069873213056218
243,0.0017535772532899917,-0.0002959169040589714
244,-0.008494333058079409,0.00019608651124966084
245,0.005003502327123405,-0.0011263001003662195
246,0.0003584946365051865,-0.001542696942452159
247,0.004805887127025655,-0.00025235253970486995
248,0.010646518242742636,0.0006854256571729658
249,0.012583782342511797,0.0024640138550634945
250,0.024192661467677446,0.006679636935181736
251,-0.0038383832955884707,0.010517468763292544
252,0.006236489256457813,0.009678093176873811
253,0.012295498876582081,0.009964213602760244
254,-0.00290277994864352,0.010294009729528134
255,-0.000889603024574752,0.007196697271297068
256,-0.0010008228622262595,0.0021802443728466303
257,-0.018884736146714366,0.0027477564595190726
258,0.013548844049895507,-0.0022764886211153633
259,-0.008974680378894819,-0.002025819586452678
260,-0.0004499549955016168,-0.003240199672502938
261,0.0002244723793338725,-0.0031522700666883107
262,0.0014633611644916896,-0.002907211018376284
263,-0.007876729789240474,0.001162408443864927
264,-0.005221328154854173,-0.003122706323962269
265,0.0015906271844112548,-0.00237203587915414
266,0.0028357530473796257,-0.0019639194431715656
267,-0.016715642458599144,-0.0014416633095624151
268,-0.020027466927013054,-0.005077464034180581
269,0.003267962184873826,-0.007507611461735097
270,0.0018554562731489955,-0.0058097533937894975
271,-0.003823893262205419,-0.0057567875760419504
272,-0.0069970612244897885,-0.007088716837958959
273,-0.00480595486592313,-0.005145000591137088
274,0.004816210671310146,-0.0021006981789191033
275,-0.011797407051695156,-0.0017910484816318392
276,0.0004509187290150204,-0.00452162114660067
277,0.009558068143483603,-0.003666658748356582
278,-0.004678612164819435,-0.00035563287476190336
279,-0.003009664507966268,-0.00033016433454116455
280,0.00369825158472758,-0.0018953393703964472
281,-0.007022595106706032,0.0012037923568881
282,-0.0007862518340588478,-0.00029091041025611046
283,0.004042683749263848,-0.0023597744057646006
284,0.005151164440610335,-0.0006155152229479439
285,0.0035714286511480437,0.0010166505667673765
286,0.00100137965069128,0.0009912859800514696
287,-0.008642648199446023,0.002596080931530932
288,0.0012381923114899386,0.0010248016584534967
289,-0.001011304663699389,0.00046390337089871495
290,-0.009770923070856625,-0.00076859044996323
291,0.002490118901870194,-0.0034370607943641635
292,-0.00744664360081166,-0.0031393129441283805
293,0.015662206155235465,-0.0029001120244015084
294,-0.0010047672211677657,-1.5309255652402875e-05
295,-0.003225817503318896,-1.4001767146078508e-05
296,0.0005574311393146479,0.0012950193463614674
297,0.006275893546703202,0.0009084817938503581
298,-0.005685563177889396,0.0036529892233533303
299,-0.02572526123584005,-0.0006165646432716415
300,0.03482117235753278,-0.0055606634462060985
301,-0.011201971923444782,0.002048734525964236
302,-0.005106059404495341,-0.0003031460865876499
303,0.02071882989103915,-0.002579536676827359
304,0.0012383203593760322,0.0027013419369583506
305,-0.021489604685742805,0.008094058256001567
306,-0.0041152261963228265,-0.003168097152653549
307,0.007449025728878629,-0.0017507480072291581
308,0.004738869617698404,0.0007602690194456361
309,-0.004036326851971745,-0.0024357230352225127
310,-0.0028159495699025634,-0.003490652477492068
311,0.0052951891551331455,0.00024407854567598026
312,-0.0003348850115005518,0.0021261616159671745
313,-0.0073966488603615,0.0005693794678913385
314,0.005730359550561798,-0.0018577242277206425
315,-0.001904739495798395,9.561305278606627e-05
316,-0.01422336191932622,0.0002778550676068999
317,-0.010643149909420179,-0.003625855147284973
318,0.005285522294444658,-0.005687508126868899
319,-0.0041020965336805645,-0.0031510738959076674
320,0.012122575203051723,-0.00511756511275614
321,-0.011332729177985702,-0.002312102172986116
322,-0.01492199881214099,-0.0017339756247180126
323,0.0029957598456531883,-0.0025897454052621746
324,0.013624949101211366,-0.0030476978950204686
325,0.0012398669833197692,0.0004977112319579175
326,-0.01287596904766199,-0.0016788304119884731
327,-0.009558056898684511,-0.0019874783859237305
328,0.008484269565646988,-0.0009146900032324347
329,0.003080387836157792,0.0001830119407663252
330,0.0033856562082648415,-0.00192590031224439
331,-0.009750106138626933,-0.0014967424672553751
332,-0.004858208002300201,-0.0008715698854483637
333,-0.005443983337733543,6.839989382849826e-05
334,0.006858698896020807,-0.0027172506868476083
335,0.005766564772352553,-0.001961588474875005
336,-0.007078617977528124,-0.0014854067620574626
337,-0.005415717209152138,-0.000951109129837701
338,-0.021221095509949054,-0.0010626109712080884
339,0.024625186207792103,-0.004218033405651191
340,0.008321601031411281,-0.0006647359432969312
341,0.024469360159943436,-0.00015372869148518563
342,-0.014388466001392432,0.006155866936009126
343,-0.042455616164360964,0.004361317177561068
344,0.002592580246913534,0.00011441304667868662
345,-0.011480063906182928,-0.004292108145497028
346,0.007074581109594265,-0.00825244113301587
347,0.012533853988714174,-0.011731396943085705
348,0.006439047659799557,-0.006346932945064383
349,-0.002055598623540368,0.0034319998197677214
350,0.013449654833995567,0.0025023640456769405
351,0.0027426066927903137,0.0074883077937126395
352,-0.016229128297286538,0.006621912910351848
353,0.0038726856059306545,0.000869316453151707
354,0.0032550212147687014,0.0003560440423779265
355,0.007194220450977919,0.0014181680100397403
356,-0.017448809084207182,0.00016708113343621086
357,-0.012513850754168797,-0.003871202021963288
358,0.0021055982686549084,-0.0031281465133397397
359,-0.0077864907780748225,-0.003481563980794889
360,-0.008063540403628089,-0.0056898663793635935
361,0.031203318468341026,-0.008741418550284794
362,-0.003390216897455791,0.000989006960224846
363,0.014900011572379952,0.002813733731567447
364,0.007177021702799525,0.005372616392312456
365,0.004018959905885666,0.008365318888487325
366,-0.0072958575913441605,0.010781818950390078
367,0.002819288246891327,0.003081983738453039
368,0.006753633212166894,0.004323884767322463
369,0.0028951940450537127,0.002694609095279851
370,-0.003477005139974645,0.0018382435637306883
371,0.007913429535668452,0.0003390505545586263
372,0.00960094885833261,0.0033809079799611485
373,0.005396119526891307,0.004737240102249405
374,-0.0009126397028228228,0.004465737365194288
375,-0.0021714514285715073,0.0037041706156189813
376,0.007216460233111366,0.003965281357899609
377,-0.00795270420197822,0.003825887497388191
378,-0.0036425612667628712,0.0003151568853260251
379,-0.00559869763249649,-0.0014925792734048105
380,-0.0042578019733531995,-0.0024297908593395438
381,-0.002542482405437339,-0.0028470609682958825
382,-0.0020869565217392096,-0.004798849496005624
383,0.0006989633243788932,-0.003625699959957822
384,0.007431479072289432,-0.0027573950417294686
385,0.006794840336408302,-0.00015135970077228452
386,-0.004461210351434726,0.002059168761180016
387,0.013954549809186487,0.0016754231719805384
388,0.00626417974040383,0.004883724438165678
389,-0.0037423678838739787,0.005996767721370666
390,0.006791160312193746,0.0037619983301379833
391,0.0015790547449107163,0.003761262325295072
392,-0.002474434710406647,0.00496931534456416
393,-0.001012076914427162,0.0016835184406455337
394,-0.0008938876051824164,0.0002282671096793355
395,0.005283284681691718,0.000797963165417648
396,-0.0001121787007376906,0.0004963880393172423
397,0.004386940283758409,0.00015814135018756099
398,-0.005399876312294731,0.0015304163490205721
399,0.0011298045163302204,0.0006528564694470581
400,0.0006725479281757119,0.0010575948937495854
401,-0.00671899193553227,0.00013544754304638427
402,0.0011272573681349815,-0.0011859151039125316
403,0.004278842569054149,-0.0018378516870372172
404,0.0057130280849006865,9.789208923255895e-05
405,0.006696417560187857,0.0010145368029466522
406,0.002989746495177645,0.002219310729349081
407,0.0026498619852048134,0.004161058415491065
408,-0.00038402283717848347,0.004465579338905031
409,-0.02042647632831592,0.0035330062576585048
410,0.050543500000000005,-0.0016948946249848167
411,0.033217196689174514,0.007074521862977613
412,-0.01570898293535022,0.013120011901776987
413,-0.0037517311206803055,0.00944824291766598
414,-0.004598438571309268,0.008774701260965617
415,-0.02149024884428186,0.011940308812366946
416,0.00915308778120857,-0.002466440956489427
417,-0.003704881890755611,-0.007279262738082615
418,-0.0024043825136611623,-0.004878442529163694
419,0.0027397260273972603,-0.004608972807759865
420,0.0015382004462161992,-0.003141339888018559
421,-0.00011006497324214586,0.0014643499700810528
422,0.002536715617882708,-0.00038828058080909056
423,0.008372832710350315,0.0008600389209185731
424,-0.006190269196562281,0.0030154819657208687
425,-0.0020794899174950247,0.00122948292092896
426,-0.0010970381265012624,0.0005059448481867154
427,0.0027295557475512937,0.0003085502175348922
428,0.0003234742360033657,0.0003471182434686094
429,-0.01730763925871027,-0.0012627534514007804
430,0.003585809014297536,-0.0034862274638303783
431,-0.004441512391756227,-0.002353167677471866
432,0.00043361517615180195,-0.0030220625305228594
433,-0.0004345572916494498,-0.003481250644802757
434,-0.0060710972695380274,-0.0036328569503333206
435,-0.00273224043715847,-0.001385548552498872
436,0.006939909748181392,-0.0026491584427900733
437,0.0031798356309156867,-0.00037287401480254925
438,-0.003609340479055096,0.00017637007615022753
439,-0.0007702355007781295,-0.0004585865613309017
440,0.0028633809626635066,0.0006015857924210778
441,0.0057332306196217426,0.0017207100723854733
442,0.0035126235677854505,0.0014793742466735432
443,-0.005902295461849324,0.001545931834047496
444,-0.005155215644515101,0.0010873408374886505
445,0.002647512351957835,0.00021034480874125588
446,-0.0006601056294434533,0.0001671710866001217
447,0.00988686158285032,-0.0011114961632129176
448,-0.005975045975826897,0.00016335143980005656
449,-0.0023965249761485363,0.00014880133700454179
450,0.010487207663456288,0.0007005394706778548
451,-0.006275040571243183,0.0022684785329775458
452,-0.0007599609080450795,0.0011454915446175997
453,-0.0057527300255963715,-0.0009838729535614804
454,0.0059775675257565265,-0.0009394097635153753
455,-0.003778044082232766,0.0007354087368656372
456,-0.015164666377816145,-0.002117641612272174
457,-0.000989837241307611,-0.003895566773586766
458,-0.008881557309700274,-0.003941542040239271
459,-0.013017109475629183,-0.0045673074970600525
460,-0.0071396587141863204,-0.008366242897337195
461,-0.01197076023087157,-0.009038565823727905
462,0.019318147727272684,-0.008399784594338992
463,-0.0025595815428490136,-0.004338187600622931
464,-0.0011163094191491182,-0.003073792447252679
465,-0.0003362770255650468,-0.0006936324359566662
466,0.002468869908328206,0.0006670439017675885
467,0.0054053601777468395,0.003554969929607544
468,-0.0043653348719648825,0.0007724124197023751
469,0.007773715462512001,0.00041126175387920137
470,-0.0016804951449586921,0.0021892667302114252
471,0.006748374457389512,0.0019204231063326964
472,0.00568881191993727,0.0027763240161449575
473,0.005905281337047394,0.0028330143645830435
474,0.011874364533632732,0.004887137606385499
475,0.007236092613047839,0.005707267420609645
476,0.0064129999999999925,0.00749058497221095
477,0.0012945948582457278,0.007423510080733048
478,0.0009687405604146198,0.00654466666839474
479,-0.005164654504741786,0.005557358513068184
480,-0.004642124732013182,0.0021495547053932804
481,0.004114834956466345,-0.0002260887636189238
482,0.0064557670226862785,-0.0006857217723256533
483,-0.001496046131736419,0.00034651266056245683
484,-0.002568196979182353,-0.00014644467786775097
485,0.0034242911746696727,0.00037284682724413574
486,-0.009522779900735962,0.0019861300085807065
487,-0.01784170573610387,-0.0007413929628597548
488,0.007174415169413146,-0.005600887514617785
489,0.010035244816938602,-0.003866795254387872
490,-0.007487824037160676,-0.0013461068951636812
491,0.005375142370551014,-0.0035285299375297507
492,-0.01606689723560366,-0.0005489454832723553
493,-0.0012227768032767197,-0.00019398378317231346
494,-0.004238288903043067,-0.0018734221777102866
495,0.001007770708941316,-0.004728128921706621
496,-0.004135497886045592,-0.003029009972486222
497,-0.0061521698847389426,-0.004931138023805543
498,-0.006589936407795522,-0.0029481925536325995
499,-0.014082919917013973,-0.00402162447453636
500,-0.0032913516820866195,-0.005990550677330541
501,-0.022009350621294395,-0.006850375155536129
502,-0.017889885936578566,-0.010425145702585889
503,-0.017333620490153797,-0.012772688912953814
504,-0.00793272564447926,-0.01492142572942547
505,-0.0057623407288473994,-0.013691386874918526
506,0.005570343774029099,-0.014185584684270683
507,-0.007434968310768291,-0.008669645805205984
508,0.018856484873107766,-0.006578662280043929
509,0.004387465803688739,0.0006593587926083846
510,0.0012980883006393207,0.0031233970822419845
511,0.003985511756781515,0.004535482888139328
512,-0.0009337301587302457,0.004218516484689811
513,-0.0010503442396933018,0.005518764115097421
514,0.0007007474261619309,0.0015373982925372073
515,-0.002322833968010066,0.0008000546170318457
516,0.005837029846508062,7.587016330196824e-05
517,0.0011611471959656035,0.0004461737812472777
518,0.013682746142920909,0.0008651492521864476
519,0.0018286171428571509,0.0038117673287092896
520,0.0075403062668834625,0.004037341272048333
521,-0.0018223689582334147,0.00600996931902704
522,-0.003758993008782486,0.004478089558078744
523,-0.008125417994692723,0.003494061517129126
524,0.0067215435540439175,-0.0008675713103936004
525,-0.004487917042855771,0.00011101397184375295
526,-0.010504658357966155,-0.0022946306901040934
527,0.005546521775519737,-0.0040310885700506425
528,-0.005540108558865546,-0.002169985613190197
529,0.005348825581395306,-0.0016529237260247617
530,-0.00034915038056685776,-0.0019274673205544844
531,0.006635611021289565,-0.0010997139880967015
532,0.0031123573487032113,0.0023283398877544425
533,-0.0035612290559025464,0.0018415070023911375
534,0.0005784037216334871,0.0022372829029837374
535,-0.013446111514296293,0.0012831985310313735
536,-0.005063589379736052,-0.0013361936957145136
537,-0.0021243950622779114,-0.003676033775919637
538,0.0034214369178519337,-0.004723384258115862
539,-0.002354290842411639,-0.0033268510633649656
540,-0.020118307692307647,-0.00391338997617399
541,-0.008165237850207037,-0.005247829211776261
542,-0.00773133616491105,-0.005868158905870458
543,-0.0041574590872763,-0.006989547126397086
544,0.0052760736196319855,-0.008505326327422732
545,-0.004315635124923177,-0.006979253435014007
546,0.0012383653250773916,-0.0038187189215371136
547,0.00532706881408493,-0.0019379982864802278
548,0.001231059907753504,0.0006736827093189679
549,0.00012279926787474364,0.0017513865083249285
550,0.0033149663590533976,0.0007207316379734803
551,0.005481181619517267,0.002246851934768795
552,-0.0077276020284953685,0.0030954151936567705
553,-0.004254777431199179,0.0004844810251407107
554,-0.008538716447717046,-0.000612686442649826
555,0.0012295339670594571,-0.0023449895857681835
556,0.0019695224512437915,-0.0027620760641669717
557,-0.005781069897377624,-0.003464407897821667
558,-0.007702758297993783,-0.0030751014715981184
559,-0.01225148174150473,-0.0037646976449570387
560,-0.01885843516368974,-0.004507250703714575
561,0.010567010581624079,-0.008524844529864415
562,-0.00012725191163490953,-0.006805346903788358
563,-0.0052135809411697305,-0.005674583306639815
564,-0.003960117577416006,-0.005176747835275004
565,-0.006151429016422259,-0.003518475002457259
566,0.003868407329397467,-0.0009770737730037632
567,-0.0016676973060050667,-0.0023167944234490857
568,0.006992023553333375,-0.0026248835023231164
569,0.0038486595451697556,-0.00018376260342249564
570,-0.008371334772771835,0.0013779928210946567
571,-0.012262089510000268,0.0009340116698247414
572,0.005016064308681712,-0.0022920876980548057
573,0.0016654368861246163,-0.00095533537511745
574,-0.002552597384878028,-0.0020206527085592017
575,-0.010311966506226662,-0.0033009040945687585
576,-0.001799704309040992,-0.0036890304412597235
577,-0.002444384313223205,-0.001596553401067868
578,-0.004004727864372689,-0.0030886431254488513
579,-0.0068831038961039434,-0.004222676075548312
580,-0.0007815292737344685,-0.005088777377793495
581,0.00234132423288193,-0.0031826899312950574
582,0.0012966545138749458,-0.0023544842229104726
583,0.007819613925989248,-0.0016062764574908427
584,-0.0037375050257767188,0.0007585919005815449
585,0.006248411871908496,0.0013877116746469896
586,-0.025000000971502533,0.0027936999037755828
587,0.015095851929640147,-0.0026745651371013097
588,-0.00012870930547818007,8.527434605173009e-05
589,0.015486765512064894,-0.0015043903002417557
590,0.0016694104917397143,0.002340463807326567
591,-0.013958202789509674,0.0014246635312928108
592,0.016248537631613155,0.003633023167691382
593,0.011953242776617915,0.0038635603080859845
594,0.0018925308631710688,0.0062799507245052035
595,0.009497277326867452,0.003561103794726439
596,0.002385061391661475,0.005126677161751986
597,-0.0020116167712897147,0.008395329997986216
598,-0.008931928769201835,0.004743299117405642
599,0.012195109093050069,0.000566264808241692
600,0.0,0.0026267804542174917
601,0.0028858595816510586,0.0007273249888440015
602,-0.0013729530189857445,0.0008274846268419182
603,-0.0027486381465688706,0.0009552173773027124
604,-0.006105894080996884,0.002191875501829305
605,-0.0018806544162323763,-0.0014683251329800852
606,-0.009033802096629939,-0.0018444560162265602
607,0.027105751504968432,-0.00422838835188276
608,-0.0008595161871436338,0.0014673525529080751
609,0.00321188399796976,0.0018451769447931227
610,0.007378234136743896,0.0037087325605864516
611,-0.017184691632491478,0.005560510271181706
612,-0.0032198390092879267,0.003930332364009398
613,-0.010103492830323007,-0.002134785738841874
614,-0.014070289298248512,-0.003983581067477748
615,0.002430327449475443,-0.007440015726721404
616,0.007915166400736248,-0.008429597064175093
617,0.00037853627760256985,-0.0034096254575295484
618,-0.003784006102220148,-0.0026899504001514493
619,-0.0032581703035775584,-0.0014260530545308777
620,-0.007626906440601152,0.0007363707444033132
621,-0.012575453190723836,-0.001275076033612006
622,-0.018144918618066583,-0.005373199951904023
623,0.0005138874878668253,-0.009077890931037853
624,0.0012797415060114966,-0.008218312213020457
625,-0.00012803378924601509,-0.007310729851102647
626,-0.0033230445634725545,-0.0058109553208316195
627,-0.003835374535471939,-0.003960473595381363
628,0.0007722651520823594,-0.0010985647788624344
629,-0.015341395866256673,-0.0010468892460193276
630,-0.004138109294242527,-0.004371116720472962
631,0.008804881180698703,-0.005173131821472264
632,-0.0025628523505529482,-0.002747546672638012
633,0.008481148804934507,-0.0024930422356542145
634,0.0010186147056452577,-0.0009512655050837847
635,-0.009663102106469082,0.0023207366092966018
636,-0.01140733189210454,0.0012157380468512905
637,0.0,-0.002826704567709358
638,0.008593022847338514,-0.0023141340975987683
639,0.012134989102073154,-0.0022917592891179665
640,-0.011102881182490924,-6.848440983238738e-05
641,0.001634666184265852,-0.0003564402250367561
642,0.004384840892007186,0.002251959390237322
643,0.006394119699244786,0.003128927568638759
644,-0.007950298136646002,0.0026891469390200136
645,-0.004125024999999916,-0.0013279105087238175
646,-0.00638301611056277,6.76607277743841e-05
647,-0.009473285574669333,-0.0015358757311913402
648,-0.001780251802902529,-0.004307501024526645
649,-0.0029255150244651335,-0.005942375324956108
650,0.005760330039925834,-0.004937418702519934
651,-0.011904774248408441,-0.0029603476945347846
652,-0.039202988236473224,-0.004064699322103918
653,0.006365141189877554,-0.010010639854464697
654,-0.003927316030732118,-0.00838156125590868
655,-0.02744559857189135,-0.008581921457162077
656,-0.008611152777777735,-0.015223107179525514
657,0.004054823995588108,-0.014564382885399374
658,0.0026566276282141434,-0.005912820438987106
659,0.008130109791427623,-0.006654523151319788
660,0.007203171984951452,-0.0042430379868878395
661,0.012296267878287977,0.0026867161244807205
662,-0.029528073319130686,0.0068682002556938624
663,-0.021038842746339173,0.000151620792750104
664,0.0038587416381155384,-0.00458747328216056
665,0.01559738104175086,-0.005441746912822977
666,0.002011494310675132,-0.0037629051014630944
667,-0.024996379471392337,-0.005819859814985664
668,-0.01787013407954302,-0.004913521045437995
669,-0.0037235627602556264,-0.004279779312078765
670,0.002238152890397819,-0.005796240191752997
671,0.010641471663047644,-0.008468085822023606
672,0.0010339734579309862,-0.006742090351549103
673,0.001633273990594579,-0.0015360197656844382
674,-0.0026797678332520837,0.0023646618483430817
675,0.00044651787707669394,0.00257342083374379
676,0.006541703641340899,0.002215093831079565
677,-0.006927963262262019,0.001395140226738216
678,-0.01523441776017728,-0.0001972471173003849
679,-0.014156671260341293,-0.0035707854674547567
680,-0.0013750344404140967,-0.005866166152872598
681,-0.018870803927585247,-0.006230476616370757
682,-0.013275011920584348,-0.011312978130155988
683,-0.008635806950836504,-0.012582387861820452
684,-0.019439510772719916,-0.011262665699952297
685,-0.011526444920138323,-0.012319233602428021
686,0.012647848018267946,-0.014349515698372867
687,-0.016844848822648185,-0.008045785309202228
688,0.008711357659434526,-0.008759752689614996
689,0.008091924128630456,-0.00529031976756079
690,-0.030351921704099488,0.00021596721270928445
691,-0.0062685088463957745,-0.003549128144082948
692,0.026593075320403548,-0.007332399517015692
693,-0.0063209075150582345,0.001355185311594654
694,-0.009003093796038742,-0.001651267723303898
695,-0.003941484709172067,-0.005070271308237737
696,-0.006488272295595394,0.0002118160907477462
697,0.011339408753965732,0.00016786340090782227
698,-0.00958881861837827,-0.002882869912379741
699,-0.0024562305551007143,-0.0035364521330437477
700,0.019493485504831674,-0.002227079484856142
701,0.0,0.002459914557944606
702,-0.01410961725591956,0.0037575690170636848
703,-0.016790123456790176,-0.0013322361849133738
704,-0.0272347043353284,-0.002772497152595755
705,-0.00551724137931035,-0.007728191908641292
706,-0.024503916747128335,-0.012730337285469694
707,0.005838605803255418,-0.017631120634895366
708,0.005260441964938555,-0.01364147602306037
709,0.0040048755006093836,-0.009231362938714623
710,-0.02625217525899223,-0.0029834469715270657
711,-0.011008504971590909,-0.007130433747463441
712,-0.030064423227193566,-0.004431351392355956
713,-0.023458308157099747,-0.011611957198445754
714,0.05472723636363642,-0.017355707222853414
715,0.005641059829059835,-0.007211235050248006
716,0.0011926904275463151,-0.0008325880326375941
717,-0.00780453016295442,0.0016076510471898509
718,0.004936187234042495,0.006059629660037679
719,0.00457861616790533,0.011738528738266129
720,-0.0015159171553970113,0.0017088046991199104
721,-0.0020283806626098713,0.00027740930222854135
722,0.0038943446682298036,-0.0003668049158026959
723,-0.011239781824935659,0.0019729700504341487
724,-0.01423363974598786,-0.001262223761361482
725,-0.00964910526315789,-0.00502467494414012
726,0.0,-0.0066513125656922955
727,0.01207817072962998,-0.0062456364331703205
728,0.0010526491228070132,-0.004608871220890286
729,0.011379569526953303,-0.002150385031341751
730,-0.002952892131318389,0.0029722568232464813
731,0.020641768581378415,0.004311499449614382
732,-0.02228271777032288,0.008439853165890064
733,0.00017354268170611072,0.0015676754658994923
734,0.009853068620676534,0.0013918541776793121
735,-0.014630844073338568,0.0010865539964239582
736,-0.002926527801687102,-0.0012490363919800775
737,0.0027821249446052247,-0.0059626956685931804
738,0.011766741447192688,-0.0009497271256075603
739,0.021843055353005313,0.0013689126274897552
740,-0.001826348995517133,0.003766909973955511
741,-0.004307538033340946,0.0063278089895197984
742,0.004636512744436319,0.00605160694318903
743,0.013155730748960145,0.006422484503155248
744,-0.009116083346898906,0.006700282363508739
745,0.025581762667106777,0.0005084546235278959
746,0.01236552111771308,0.0059900769560526776
747,-0.0076129898114669185,0.009324688786263483
748,0.006368380729686721,0.006874788275082836
749,0.007478154573688307,0.00551731827122815
750,-0.0058194870770843475,0.008836165855345593
751,-0.004762708215186225,0.002555915906507368
752,-0.003023520050923023,-0.0008697299600724927
753,-0.0014306151645206854,4.816399203628639e-05
754,-0.006559999999999945,-0.0015116351868051947
755,0.004973479705648056,-0.004319266101542846
756,0.01058789523685049,-0.0021606727449963647
757,0.006718750000000107,0.0009094479454109783
758,-0.010518189929831667,0.0028579019555956043
759,-0.005284364643106277,0.0010403870025334078
760,-0.002659959317790638,0.0012955140739121416
761,-0.004536227123416184,-0.0002311737307755972
762,0.0032997957778094287,-0.0032559982028289316
763,-0.019564877438799144,-0.003939789047267068
764,0.006545338546381467,-0.005749126549060563
765,-0.02315620972492,-0.0033831859111630143
766,0.0004893002692987015,-0.007482435992588887
767,-0.009466313040639837,-0.006477330514045911
768,-0.001655678753123236,-0.009030552277735764
769,-0.010447777951041095,-0.005448712540600581
770,0.0021772065345370384,-0.008847335840085095
771,-0.003952585573903508,-0.0037806525881936863
772,-0.005610561241272587,-0.004669029756834128
773,0.002995025058070671,-0.0038978793969606782
774,-0.005939630326024857,-0.0029677386347218967
775,-0.012000016666666724,-0.002066109109718649
776,0.005076209985658566,-0.004901553749959401
777,0.057049229508196665,-0.0030957946380469866
778,-0.02427563114410747,0.009436163511846864
779,-0.018879999999999994,0.003982032271411235
780,0.003328844762688194,0.0013939583366162078
781,-0.006951307744167745,0.004459730622487191
782,-0.0018406292450010191,0.002054227076521929
783,-0.003362491593813052,-0.009723744674117608
784,0.00033613445378156514,-0.005541116764058724
785,-0.007891218806393176,-0.0016978898733024123
786,0.01797520742792582,-0.003941902587118686
787,0.01194031528922585,0.0010434004473000268
788,-0.006390299957238955,0.0037995893541454004
789,-0.014979423868312702,0.00319402768146022
790,-0.007169073024341401,0.0001309160170413666
791,-0.007762386357151132,0.00027534517345172165
792,0.0018669552568551836,-0.004872173583563668
793,0.0037068577491780356,-0.006886845590037803
794,-0.012098756918123345,-0.004867414048754404
795,0.006791120312695389,-0.0042912806587165325
796,-0.015389818782516114,-0.0014992419913091746
797,-0.001456601833604554,-0.0030247284763821715
798,-0.030624481939700972,-0.003689439894474119
799,0.006178252209064342,-0.010555707832249921
800,-0.004207608621886191,-0.006900306006812383
801,-0.0017639619291578545,-0.0091000517937287
802,0.005975395220548433,-0.006374880423057047
803,0.007149084817753676,-0.00488848101222645
804,0.015284200583891518,0.00266623233926448
805,0.004050666666666615,0.0044874220142299154
806,-0.005564890481701294,0.006139077071940476
807,0.005687659427783457,0.005378891361431788
808,-0.012964563974574381,0.005321344202878793
809,-0.007501762037683133,0.0012986144444131812
810,0.0050628667084998335,-0.0032585780799017487
811,-0.013982409804936988,-0.003056138071535105
812,-0.008421052631578892,-0.004739641936182244
813,-0.017475762842868107,-0.007561384348054714
814,-0.013235592917188285,-0.008463624121713458
815,-0.0012701868758812087,-0.00961039029761449
816,0.002364514368861405,-0.0108770010144907
817,0.0009010452008994284,-0.007607616179731021
818,0.006478315637934127,-0.005743196613235356
819,-0.00838241483859463,-0.0009523809170749088
820,0.001262380500227634,1.8254698643821803e-05
821,0.003411095091362795,0.0005247681738655903
822,0.02166522906589899,0.0007340843183658685
823,-0.021465951509004377,0.00488692109136578
824,-0.0012542375693561233,-0.0007019323380219204
825,-0.03841345294955423,0.0007237031158257815
826,0.005561790981864807,-0.007211463574130592
827,0.007770619940252057,-0.006781324396030189
828,0.013343081947415075,-0.009560246221159575
829,0.01786684713950558,-0.002598439529875685
830,-0.015422779648998405,0.0012257774118966552
831,0.025111290289891692,0.00582391207200782
832,-0.025147433229274943,0.009733811933613199
833,0.007117384214993147,0.0031502012997077977
834,-0.011343477892360137,0.0019050617532234116
835,0.003945516640800342,-0.003937003253149731
836,-0.01549263251639826,-6.334399518998171e-05
837,0.006344064032773818,-0.008184128556447973
838,0.004135185259532267,-0.0018858291040382198
839,-0.00954953153153147,-0.0024822688951303953
840,0.019408670063329043,-0.0021234796229646627
841,-0.02909090909090915,0.0009691510615410778
842,0.02584685725474844,-0.0017505042533611
843,0.01307559219253364,0.002150054391033824
844,-0.0055710122774749165,0.003938135777634098
845,0.001126779342723,0.0047338396284454095
846,0.011806615221015459,0.0010774614843242004
847,-0.006662983650989831,0.009256966346709122
848,-0.0068837023255813945,0.002754998165561468
849,-0.014785719633164825,-0.0012368607380615388
850,-0.00019226923076928962,-0.0030798022091995205
851,0.0013459719802334407,-0.0033436119238979788
852,-0.0015393880789034494,-0.005435740572054383
853,-0.021325648824700255,-0.0044110214576371055
854,0.0025475407122778904,-0.007299410757460878
855,0.0001960023553988325,-0.0038327586883723347
856,-0.009503510288915617,-0.00375510437113871
857,0.017082250147260947,-0.005925000824968522
858,-0.0027279812938425674,-0.0022006731797356424
859,0.004513343887624426,0.001518860326435895
860,0.00019561729220085635,0.0019120209615052022
861,0.0003890272222168204,0.001911943948865607
862,-0.02762649697951381,0.0038904514510920947
863,-0.009599999999999937,-0.005051297974262857
864,-0.013967671499284498,-0.006425701715494331
865,-0.01207533745240803,-0.010121904792876116
866,-0.0067747486506826516,-0.012576095741797893
867,-0.014096077342265983,-0.014008850916377788
868,0.002067438537677114,-0.011302766988928221
869,-0.01861046280788939,-0.008969279281392812
870,-0.014315789473684205,-0.00989783754311379
871,-0.01766704980842904,-0.010345927947369025
872,-0.030322580645161218,-0.012524388178918303
873,-0.005102129321112297,-0.01576968883949735
874,-0.02219755876132206,-0.01720360241125523
875,-0.0344984104743893,-0.017921021601941766
876,0.01476795593061416,-0.021957545802082784
877,0.012494145939515354,-0.015470544654274146
878,-0.007290932041260761,-0.006907199337338831
879,0.003029620135166629,-0.007344959881368522
880,0.013801169590643354,-0.002299524102070785
881,0.0037079720181704538,0.007360391910935746
882,0.009301269995405094,0.005148395128447004
883,0.018880646487721073,0.0045098199396249525
884,-0.005262047681165298,0.00974413564542132
885,-0.003972632885176933,0.008085802082154933
886,0.009966688373568592,0.0045310415869908765
887,-0.0039309892131253665,0.005782784858070504
888,0.014922097871406621,0.0031363330163644123
889,0.005357908272610373,0.002344623293101522
890,-0.0034042553191488637,0.004468614483856656
891,0.0034101450728962245,0.004582289997062271
892,0.002319717516647658,0.0032709813369277965
893,-0.011705706521739273,0.0045211226828824015
894,-0.00988844960842513,-0.0008044381957467775
895,-0.000858759087215233,-0.0038537097719538783
896,-0.0019214346712212512,-0.0033446105255671523
897,0.0025652629877141314,-0.004410926474390647
898,-0.0034013604719097816,-0.004361817380177353
899,-0.005319148936170213,-0.002700948170211454
900,0.023206301400759948,-0.0017870880357604708
901,-0.00789366447639519,0.0030259240618345654
902,-0.0018820577164367087,0.0018314781007997775
903,0.01091978183367881,0.0009420139599696095
904,-0.005422356508397155,0.0038062424210873274
905,0.0033991926917356402,0.0037856009066419396
906,0.005508432086685826,-0.00017582083516292274
907,-0.0035789052631578873,0.0025045984774532807
908,0.010926686278629827,0.0021652289681090447
909,-0.013868805343224825,0.0021666098570992482
910,-0.002948609941027664,0.00047732009013371423
911,-0.004182371392722717,-0.0007922404364189464
912,-0.0010455876202425168,-0.0027304011323006547
913,0.007515573798932251,-0.0022237376037175806
914,-0.004339719039878537,-0.0029059600996570963
915,-0.02510452022898297,-0.0010001428389878387
916,-0.02200000000000009,-0.0054313248965789
917,-0.0327103660800019,-0.008994850618034376
918,-0.028657645329855496,-0.015327806309986253
919,0.023750803439284623,-0.0225624501357438
920,-0.03023041005686908,-0.01694434563991117
921,0.010030333736757713,-0.01796952360548839
922,-0.010185739658905445,-0.01156345685813683
923,-0.008149713004838216,-0.00705853157391754
924,-0.022678577300687196,-0.0029569451089140842
925,0.012937740203921124,-0.012242821256908449
926,0.005626695842450804,-0.0036091912047504075
927,-0.006521769983796021,-0.004489918783611789
928,0.007171780480199545,-0.0037571248485899046
929,-0.01453305504019805,-0.0006928261515823519
930,0.004381815199317305,0.0009362783005154772
931,0.007232704629959167,-0.0007749067004052867
932,0.005004754613849023,-0.0004537049429036143
933,-0.002492149687984287,0.0018515999766253947
934,0.022159768347073505,-8.118605701137169e-05
935,-0.016448399850843863,0.007257378620442939
936,0.0071273628757358804,0.003091335610410706
937,0.011063337090862537,0.0030702672595660486
938,-0.007902826267305318,0.004281983754968751
939,0.005810336213751271,0.0031998484391045448
940,-0.0006120600313473853,-7.003798755990213e-05
941,-0.0091463112544607,0.003097229976339393
942,-0.014741983576720387,-0.0001575048496999229
943,0.0003101116432934173,-0.005318568983216508
944,0.012074303779390227,-0.003675981401096761
945,0.014683359274498584,-0.0024231878879689694
946,-0.001203761661149462,0.0006358959732002241
947,-0.006332901085645244,0.0022244058918624715
948,0.0,0.0039062223900775002
949,-0.0027206769818213256,0.003844200061418817
950,-0.0015096316880927347,0.0008852039091765063
951,0.0015110003022060948,-0.002353394283341757
952,-0.0009071363773814231,-0.0018104418906706456
953,-0.004841149919550575,-0.0007252889490178819
954,-0.0018171108419139837,-0.0016935189329279968
955,-0.01878905513835524,-0.0015128057049465285
956,0.005162405101730934,-0.00496869039499903
957,-0.003043304837391632,-0.004238409435094062
958,-0.0045913072905604865,-0.004665643127096103
959,0.011009173975254602,-0.004615674601298086
960,0.003317249698432043,-0.0020504176378643687
961,-0.002101440945618789,0.002370843329493088
962,-0.006325270893817243,0.0009180741200231435
963,-0.01590217076751773,0.00026168090873802117
964,0.007109861336003822,-0.0020004917866534274
965,0.012983061080869426,-0.0027803543145035834
966,-0.003984094269564994,-0.0008471920380161071
967,-0.0021538461538461624,-0.0012237227028053478
968,0.008668823797796424,-0.0003894377548111316
969,0.0027641583917642045,0.004524761158251699
970,-0.009910250544742791,0.003655620569403775
971,0.005922630553452047,-0.0009230417557186683
972,0.006211210987229482,0.0010583032088847398
973,0.0027803522638355166,0.002731314637099869
974,0.0037025300833076207,0.0015536203303076874
975,-0.016398483910891094,0.0017412946686163708
976,0.0018796992481202605,0.00044364799538671037
977,-0.003126985616009972,-0.000364938265679647
978,-0.008199243399534623,-0.002232577586327538
979,-0.0161290317479749,-0.004428496719001565
980,-0.06559488745980707,-0.008394809085258071
981,-0.007268916831738202,-0.018234089795041267
982,-0.031117431714376535,-0.02006381301101296
983,0.013934726806013898,-0.025661902230686272
984,0.026734104046242848,-0.02123510818957657
985,0.006318006318006433,-0.01266248103073302
986,-0.013171611785095322,0.0017200977248296831
987,0.006329113701507947,0.0005395587341582589
988,0.001393693331230132,0.008028867817335156
989,0.0069767109634551435,0.005520661122378401
990,-0.0019801650818536743,0.0015691825058208615
991,-0.0026481298460154963,-9.045177415116e-05
992,0.010299003322259094,0.0020142446136648053
993,-0.005903607740242611,0.0028082225378150347
994,-0.00658547887436674,0.0013487623235204859
995,-0.005257969109431487,-0.001363675644043891
996,0.026184918793503417,-0.0020192364495594537
997,-0.0006420866773674815,0.0037473732783443294
998,0.011893249376623291,0.0015591552784190142
999,-0.026164645820038298,0.005118526701792195
1000,0.009542645921113724,0.0012026933126578821
1001,0.014140085498191375,0.004162816318766925
1002,0.0029335071707953016,0.0017538496597045163
1003,0.004530776699029178,0.002468968429337073
1004,-0.025591842610364738,0.0009964738938182502
1005,0.002957607624055204,0.0011110345357529625
1006,0.013294422827496762,-0.0002059731236587416
1007,-0.007048990933963227,-0.00037510565779766414
1008,-0.009680509841884469,-0.0023716052787493697
1009,-0.003267973856209197,-0.005213862586932099
1010,0.02287578431372543,-0.0007490888361009909
1011,-0.024817053770283204,0.0032345465018330547
1012,0.004893931484502483,-0.004387748817722938
1013,-0.0061548750840662025,-0.001999164334029796
1014,-0.011734028683181207,-0.001294037382466143
1015,0.0016453439172538049,-0.0029872483478605447
1016,0.020039355452058,-0.00723333642715487
1017,0.018076210458360224,0.0017379454173133703
1018,-0.0028499050031665567,0.004374401212084918
1019,0.013963852745160226,0.005035395228264848
1020,0.004070100060422714,0.010174971513933134
1021,-0.00817353059332072,0.010659922742566916
1022,0.005683612251341954,0.0050173455334911726
1023,-0.004388714733542226,0.0025388258920875178
1024,0.006639298344587312,0.002231063946012384
1025,0.0043927516663712874,0.0007661530658978011
1026,0.013395670616552599,0.0008306833870875158
1027,-0.012568976473604325,0.00514452362906218
1028,-0.010387126219704149,0.0014940058840729234
1029,-0.02735372050401654,0.00029432358684053914
1030,0.011136586598867123,-0.006504280182880231
1031,0.055742573887018365,-0.005155513196381063
1032,-0.04124453839524377,0.0033138674577120886
1033,-0.00792449056603773,-0.0024212449266158
1034,-0.006125650607746862,-0.0019287177958825165
1035,-0.012765957446808581,0.0023168961833714185
1036,-0.01725494117647054,-0.0024636126257637217
1037,0.008333293320107401,-0.017063115638461503
1038,0.0003890272222168204,-0.007147549295391268
1039,-0.005538053578399743,-0.005484845737740359
1040,0.003972983710766701,-0.005367326331870935
1041,0.013048635308476195,-0.0020195381003558785
1042,-0.010933267827674125,0.004041177196633468
1043,0.001958440973034027,0.00018786496707716324
1044,-0.022673964034401813,0.0005017477172406046
1045,0.008413501939643582,-0.0029254343739598095
1046,-0.003148366784730494,-0.0020373307281844333
1047,-0.00039173519813019356,-0.005276731146825771
1048,0.025176986624704936,-0.003168424620916985
1049,0.0,0.001475284509417197
1050,0.008725303159131116,0.006010077316297559
1051,0.022872178477690172,0.0060724375601950665
1052,0.02781844802342599,0.011276546612679201
1053,0.030604946619217022,0.016918583256990437
1054,0.00583991735348955,0.018004175255892853
1055,-0.018261717957389303,0.019172158726590765
1056,0.002055464129651837,0.01377475450328668
1057,0.016821215819471772,0.009611411633679014
1058,-0.004562969462969392,0.00741196519288817
1059,0.0038869612680905202,0.0003783819764508874
1060,-0.008802816901408451,-1.2209240628918619e-05
1061,0.0010671646721036787,0.0018795709705672517
1062,0.0,0.00168191107905762
1063,-0.009925523216076686,-0.0016823320848367344
1064,0.00571833452466044,-0.0027548428354581935
1065,-0.0067376238745523,-0.002388568184144209
1066,-0.009252669039145962,-0.001975529578772979
1067,0.001613481592451893,-0.004039496321022908
1068,-0.021124239169351945,-0.003716800002532529
1069,-0.024255789204549405,-0.00595654319318758
1070,0.001887542468856238,-0.01195136793902955
1071,0.016773425677594316,-0.010226334670347842
1072,-0.0033296336171056693,-0.005021115726999786
1073,-0.006324404997187749,-0.006009738768911299
1074,-0.00521030870076998,-0.0030497719344784596
1075,0.00559910393433724,0.0007593241662774254
1076,0.0018497594580185065,0.001501636459373626
1077,0.008862629246676587,-0.001483096784541536
1078,0.006959743844679216,0.0009553557882149153
1079,-0.002906940406976774,0.0036121855565883084
1080,0.009818181818181802,0.004072859215346949
1081,-0.007905102407473871,0.004916674792115862
1082,0.007243679563792873,0.002965702419017386
1083,0.024074739489759314,0.0026419124824406436
1084,0.004917527394363417,0.006064911611456663
1085,-0.006287041784388508,0.0076298051717247
1086,-0.0014074947220267479,0.004408760451210639
1087,0.0003526092964523524,0.005708281988300063
1088,-0.00810722565712983,0.004330067934831959
1089,0.014234875444839807,-0.00210632509454587
1090,0.07444340312396147,-0.00024285548445059194
1091,0.015255355394002253,0.015903233497219404
1092,0.013069908020066372,0.019235803520425206
1093,-0.01141486898723734,0.02177926326514801
1094,0.0,0.021117734599126508
1095,-0.013566386105901973,0.018270759510158545
1096,0.0027472529149725924,0.0006688016641858568
1097,-0.003952599694515041,-0.0018328188316200753
1098,0.008254387289953554,-0.005237320374536359
1099,0.013081837939818609,-0.001303469119098179
1100,-0.04709150217965506,0.0013128984688655428
1101,0.010981912499415774,-0.005392124745885076
1102,-0.00736235595390515,-0.003745192828996438
1103,0.006107296492854475,-0.004427144080874461
1104,-0.001926163723916492,-0.004856562240294277
1105,-0.024516129032258114,-0.007858162573041297
1106,0.006260329489291556,-0.003343087943561908
1107,0.014369627225028594,-0.004287404545586752
1108,-0.02339749925008012,5.89920901999972e-05
1109,-0.011071247511274793,-0.005841967058386922
1110,0.005936675461741416,-0.007670983815858581
1111,0.014754131147540994,-0.0015804229170586763
1112,-0.0009731106065520147,0.00011833741459121097
1113,0.0077947382983195885,-0.0029502101517249104
1114,-0.0009591112225347631,0.003288237357955031
1115,-0.006074200573075389,0.005310664615703037
1116,0.02208706786171579,0.002908489408739676
1117,-0.005304212333984727,0.004375076751574636
1118,-0.010644990274107924,0.0035088564060880936
1119,0.009162748815165883,-0.00017908930839740934
1120,-0.012499999999999956,0.00184528269914272
1121,-0.0006297229219144561,0.0005601228137578067
1122,-0.0022088986365131477,-0.003983235342968243
1123,0.0015772554707490288,-0.0033641726034739266
1124,0.0012554613541913612,-0.0009197234545025362
1125,0.0059320014340308565,-0.0025011809466974405
1126,-0.008695682959761355,0.0011852193401087217
1127,0.0015659254619480336,-0.000427972667460658
1128,-0.010015711736597403,0.00032699215223157827
1129,-0.003152522167481875,-0.0019916012892377084
1130,0.0012629933691189806,-0.0028731979935723555
1131,0.01356466834180856,-0.003806999606554731
1132,-0.021059150787886203,0.0006450706537592527
1133,-0.008253968253968303,-0.0038799445962075948
1134,0.004491466153352568,-0.003527595899681775
1135,-0.01567999999999995,-0.0019987982355148862
1136,-0.004879635653871132,-0.005387396909338672
1137,-0.0029344636452560617,-0.009076257708474611
1138,0.003595979078130123,-0.0054513202799485825
1139,0.008087997411840828,-0.0030813308135288963
1140,0.019274044949375003,-0.0023620245618312446
1141,-0.002840044088354473,0.004628784428043746
1142,0.0009463406641532948,0.005036702741147077
1143,-0.02421377434634514,0.005812863603028949
1144,0.0016150194320097278,0.00025091291813389633
1145,-0.013191763191763083,-0.0010436826778323237
1146,0.004913167215422008,-0.00753684430605994
1147,-0.009446286337254523,-0.005986202045304645
1148,0.006633499170812698,-0.00806472744558621
1149,-0.010509096535005,-0.0018952727421546404
1150,-0.016273662694332093,-0.004320095935557586
1151,0.011144883108919796,-0.0049364758360713875
1152,-0.023411337792642085,-0.0036901326573718293
1153,-0.0017123629550561228,-0.006483142948449342
1154,-0.011864406779661066,-0.008152315373623107
1155,0.00034059944344000566,-0.00842337742255432
1156,-0.0088677012278308,-0.0051005249949999
1157,0.02002769406172978,-0.00910304186235002
1158,0.001349106239460377,-0.0004152354914756462
1159,0.004014754232678362,0.00019705834742765374
1160,-0.004308882996354044,0.0033728905498955396
1161,-0.04622884483544594,0.0024429940619367296
1162,-0.03482947935368042,-0.005029234659586298
1163,0.02091893911094504,-0.01600066934266834
1164,-0.0018275584127354094,-0.012086702768371404
1165,0.005500550055005579,-0.013255165297454161
1166,0.0022058455071380786,-0.011293278687182235
1167,-0.01224035653710515,-0.0016063406186654326
1168,-0.020661193814380332,0.002911483944649622
1169,-0.022493366374380513,-0.0054045426404154525
1170,-0.016154452961168363,-0.009537704232744474
1171,0.008961344560543563,-0.013868704835979262
1172,0.053333333333333344,-0.012517605025298164
1173,-0.019230769230769232,0.0005971329487895333
1174,0.020054030080987297,0.000883217865511754
1175,0.03174603174603176,0.009392697156585316
1176,0.014419368667186223,0.018972794098025342
1177,-0.004983430232558077,0.020064398919353875
1178,-0.006890960680989124,0.00840104620617559
1179,-0.010455876202425763,0.010869007916131612
1180,-0.08401831050228299,0.0047670266594489995
1181,0.12853102636534855,-0.01838584179021395
1182,0.05358851674641153,0.004436489749418515
1183,0.07294016537326267,0.01615087914521244
1184,0.060429767233661544,0.0321171043560628
1185,-0.03799650259067364,0.046294233043280265
1186,-0.007572382736196836,0.055498594625602124
1187,-0.06819205616006929,0.02827791280529305
1188,0.05507108512753158,0.003921798223996886
1189,-0.018383925540142166,0.0003479821748506681
1190,0.06583476764199661,-0.015414756379910074
1191,0.009999999999999934,0.005351497666623977
1192,0.021509781717117853,0.00886597421386333
1193,-0.014735204510744624,0.026806341789300758
1194,-0.014154870940882592,0.012845083861645517
1195,0.049403705281090254,0.013690894781497437
1196,0.03813042386758608,0.010404682309316165
1197,-0.003461538461538456,0.016030767082833394
1198,-0.013348090965817273,0.011036503047102133
1199,0.02130841121495328,0.011313925756087601
1200,0.027787970749542926,0.01840658218725478
1201,0.0010752688172043418,0.01408343528094531
1202,0.012815984336062671,0.006672404270868962
1203,0.00178567857142856,0.009927908830389187
1204,0.025614035087719315,0.012954662737838355
1205,0.007211503873231317,0.013815787512391561
1206,0.006556245686680513,0.009700494137129239
1207,-0.01590048392671961,0.010796689511024474
1208,-0.002428026361428954,0.005053395858468018
1209,-0.00314465397817421,0.004210654871896515
1210,0.022385449457852417,-0.0015410829412821898
1211,0.02338986440677962,0.0014937061756420302
1212,-0.001640419947506585,0.004860429919661851
1213,-0.0003274394129850082,0.007712442715504457
1214,0.006637935832656243,0.008132560105193247
1215,-0.020340146715571755,0.010089078067359336
1216,-0.007206554811480942,0.0015439588326745025
1217,-0.0020689310344828016,-0.00457532501097761
1218,0.008922478000085004,-0.0046610272283728535
1219,-0.025354969574036514,-0.0028110437457588506
1220,0.016156720522516377,-0.0092096248270974
1221,0.0006823951102829123,-0.0019102513794797763
1222,0.0013632924335378893,-0.00033246139512700554
1223,-0.02309785926977371,0.00035398329847713265
1224,0.010526280701754374,-0.00605008415549461
1225,0.017067294220386442,0.0011261658996635673
1226,0.026946175214443525,0.0013082806392375804
1227,-0.029526281635301757,0.006561036660069702
1228,0.002985074626865667,0.00038312184630177393
1229,-0.011643380294191008,0.005599708625629649
1230,0.012850896178559352,0.0011657764264405728
1231,-0.004776053861131315,0.00032249681807515473
1232,0.022068510472051637,-0.006021948997039813
1233,-0.007511495509095475,0.0042970094244308655
1234,0.006607168814007328,0.0021976953972386373
1235,-0.0024590491803278794,0.0058478052188783046
1236,0.030829780255821625,0.0027858161471008584
1237,-0.006031777777777738,0.009906982970491446
1238,0.016659100643794684,0.004286925320525571
1239,0.02804913331232271,0.009121044551103604
1240,0.04394591137228321,0.01340943745076668
1241,-0.006006036216397494,0.0226904295612889
1242,-0.01783016016923552,0.015323266266845076
1243,-0.01702392865775316,0.012963589788553517
1244,0.00031450140564636997,0.00622698392824395
1245,0.027511164427383186,0.0006800575469086816
